{
  "dataset_revision": "51adfef1c1287aab1d2d91b5bead9bcfb9c68583",
  "task_name": "XQuADRetrieval",
  "mteb_version": "1.38.8",
  "scores": {
    "validation": [
      {
        "ndcg_at_1": 0.65089,
        "ndcg_at_3": 0.75538,
        "ndcg_at_5": 0.77848,
        "ndcg_at_10": 0.79131,
        "ndcg_at_20": 0.80033,
        "ndcg_at_100": 0.80735,
        "ndcg_at_1000": 0.80807,
        "map_at_1": 0.65089,
        "map_at_3": 0.73035,
        "map_at_5": 0.74324,
        "map_at_10": 0.74868,
        "map_at_20": 0.75118,
        "map_at_100": 0.75219,
        "map_at_1000": 0.75223,
        "recall_at_1": 0.65089,
        "recall_at_3": 0.82756,
        "recall_at_5": 0.88335,
        "recall_at_10": 0.92223,
        "recall_at_20": 0.95773,
        "recall_at_100": 0.99493,
        "recall_at_1000": 1.0,
        "precision_at_1": 0.65089,
        "precision_at_3": 0.27585,
        "precision_at_5": 0.17667,
        "precision_at_10": 0.09222,
        "precision_at_20": 0.04789,
        "precision_at_100": 0.00995,
        "precision_at_1000": 0.001,
        "mrr_at_1": 0.650888,
        "mrr_at_3": 0.730347,
        "mrr_at_5": 0.743238,
        "mrr_at_10": 0.748683,
        "mrr_at_20": 0.751181,
        "mrr_at_100": 0.75219,
        "mrr_at_1000": 0.752229,
        "nauc_ndcg_at_1_max": 0.553449,
        "nauc_ndcg_at_1_std": 0.271096,
        "nauc_ndcg_at_1_diff1": 0.749773,
        "nauc_ndcg_at_3_max": 0.633026,
        "nauc_ndcg_at_3_std": 0.356698,
        "nauc_ndcg_at_3_diff1": 0.729496,
        "nauc_ndcg_at_5_max": 0.653433,
        "nauc_ndcg_at_5_std": 0.388738,
        "nauc_ndcg_at_5_diff1": 0.734203,
        "nauc_ndcg_at_10_max": 0.646052,
        "nauc_ndcg_at_10_std": 0.390279,
        "nauc_ndcg_at_10_diff1": 0.73278,
        "nauc_ndcg_at_20_max": 0.637063,
        "nauc_ndcg_at_20_std": 0.377269,
        "nauc_ndcg_at_20_diff1": 0.73491,
        "nauc_ndcg_at_100_max": 0.624439,
        "nauc_ndcg_at_100_std": 0.359336,
        "nauc_ndcg_at_100_diff1": 0.735758,
        "nauc_ndcg_at_1000_max": 0.622812,
        "nauc_ndcg_at_1000_std": 0.35686,
        "nauc_ndcg_at_1000_diff1": 0.73561,
        "nauc_map_at_1_max": 0.553449,
        "nauc_map_at_1_std": 0.271096,
        "nauc_map_at_1_diff1": 0.749773,
        "nauc_map_at_3_max": 0.609755,
        "nauc_map_at_3_std": 0.332753,
        "nauc_map_at_3_diff1": 0.733847,
        "nauc_map_at_5_max": 0.618966,
        "nauc_map_at_5_std": 0.347657,
        "nauc_map_at_5_diff1": 0.736378,
        "nauc_map_at_10_max": 0.615579,
        "nauc_map_at_10_std": 0.347539,
        "nauc_map_at_10_diff1": 0.735987,
        "nauc_map_at_20_max": 0.613229,
        "nauc_map_at_20_std": 0.344177,
        "nauc_map_at_20_diff1": 0.736528,
        "nauc_map_at_100_max": 0.611729,
        "nauc_map_at_100_std": 0.342089,
        "nauc_map_at_100_diff1": 0.736652,
        "nauc_map_at_1000_max": 0.611659,
        "nauc_map_at_1000_std": 0.341983,
        "nauc_map_at_1000_diff1": 0.736644,
        "nauc_recall_at_1_max": 0.553449,
        "nauc_recall_at_1_std": 0.271096,
        "nauc_recall_at_1_diff1": 0.749773,
        "nauc_recall_at_3_max": 0.728282,
        "nauc_recall_at_3_std": 0.454062,
        "nauc_recall_at_3_diff1": 0.712627,
        "nauc_recall_at_5_max": 0.849178,
        "nauc_recall_at_5_std": 0.623338,
        "nauc_recall_at_5_diff1": 0.724752,
        "nauc_recall_at_10_max": 0.888144,
        "nauc_recall_at_10_std": 0.74074,
        "nauc_recall_at_10_diff1": 0.709145,
        "nauc_recall_at_20_max": 0.945664,
        "nauc_recall_at_20_std": 0.823034,
        "nauc_recall_at_20_diff1": 0.722752,
        "nauc_recall_at_100_max": 1.0,
        "nauc_recall_at_100_std": 0.931919,
        "nauc_recall_at_100_diff1": 0.767743,
        "nauc_recall_at_1000_max": NaN,
        "nauc_recall_at_1000_std": NaN,
        "nauc_recall_at_1000_diff1": NaN,
        "nauc_precision_at_1_max": 0.553449,
        "nauc_precision_at_1_std": 0.271096,
        "nauc_precision_at_1_diff1": 0.749773,
        "nauc_precision_at_3_max": 0.728282,
        "nauc_precision_at_3_std": 0.454062,
        "nauc_precision_at_3_diff1": 0.712627,
        "nauc_precision_at_5_max": 0.849178,
        "nauc_precision_at_5_std": 0.623338,
        "nauc_precision_at_5_diff1": 0.724752,
        "nauc_precision_at_10_max": 0.888144,
        "nauc_precision_at_10_std": 0.74074,
        "nauc_precision_at_10_diff1": 0.709145,
        "nauc_precision_at_20_max": 0.945664,
        "nauc_precision_at_20_std": 0.823034,
        "nauc_precision_at_20_diff1": 0.722752,
        "nauc_precision_at_100_max": 1.0,
        "nauc_precision_at_100_std": 0.931919,
        "nauc_precision_at_100_diff1": 0.767743,
        "nauc_precision_at_1000_max": 1.0,
        "nauc_precision_at_1000_std": 1.0,
        "nauc_precision_at_1000_diff1": 1.0,
        "nauc_mrr_at_1_max": 0.553449,
        "nauc_mrr_at_1_std": 0.271096,
        "nauc_mrr_at_1_diff1": 0.749773,
        "nauc_mrr_at_3_max": 0.609755,
        "nauc_mrr_at_3_std": 0.332753,
        "nauc_mrr_at_3_diff1": 0.733847,
        "nauc_mrr_at_5_max": 0.618966,
        "nauc_mrr_at_5_std": 0.347657,
        "nauc_mrr_at_5_diff1": 0.736378,
        "nauc_mrr_at_10_max": 0.615579,
        "nauc_mrr_at_10_std": 0.347539,
        "nauc_mrr_at_10_diff1": 0.735987,
        "nauc_mrr_at_20_max": 0.613229,
        "nauc_mrr_at_20_std": 0.344177,
        "nauc_mrr_at_20_diff1": 0.736528,
        "nauc_mrr_at_100_max": 0.611729,
        "nauc_mrr_at_100_std": 0.342089,
        "nauc_mrr_at_100_diff1": 0.736652,
        "nauc_mrr_at_1000_max": 0.611659,
        "nauc_mrr_at_1000_std": 0.341983,
        "nauc_mrr_at_1000_diff1": 0.736644,
        "main_score": 0.79131,
        "hf_subset": "hi",
        "languages": [
          "hin-Deva"
        ]
      }
    ]
  },
  "evaluation_time": 8.480835676193237,
  "kg_co2_emissions": null
}