{
  "dataset_revision": "51adfef1c1287aab1d2d91b5bead9bcfb9c68583",
  "task_name": "XQuADRetrieval",
  "mteb_version": "1.36.26",
  "scores": {
    "validation": [
      {
        "ndcg_at_1": 0.04987,
        "ndcg_at_3": 0.07762,
        "ndcg_at_5": 0.1058,
        "ndcg_at_10": 0.13504,
        "ndcg_at_20": 0.15834,
        "ndcg_at_100": 0.22707,
        "ndcg_at_1000": 0.264,
        "map_at_1": 0.04987,
        "map_at_3": 0.07058,
        "map_at_5": 0.08601,
        "map_at_10": 0.09823,
        "map_at_20": 0.1044,
        "map_at_100": 0.11324,
        "map_at_1000": 0.115,
        "recall_at_1": 0.04987,
        "recall_at_3": 0.09806,
        "recall_at_5": 0.16737,
        "recall_at_10": 0.25697,
        "recall_at_20": 0.3508,
        "recall_at_100": 0.73119,
        "recall_at_1000": 1.0,
        "precision_at_1": 0.04987,
        "precision_at_3": 0.03269,
        "precision_at_5": 0.03347,
        "precision_at_10": 0.0257,
        "precision_at_20": 0.01754,
        "precision_at_100": 0.00731,
        "precision_at_1000": 0.001,
        "mrr_at_1": 0.049873,
        "mrr_at_3": 0.070583,
        "mrr_at_5": 0.08601,
        "mrr_at_10": 0.098231,
        "mrr_at_20": 0.1044,
        "mrr_at_100": 0.113236,
        "mrr_at_1000": 0.115004,
        "nauc_ndcg_at_1_max": 0.412946,
        "nauc_ndcg_at_1_std": 0.11861,
        "nauc_ndcg_at_1_diff1": 0.265878,
        "nauc_ndcg_at_3_max": 0.332994,
        "nauc_ndcg_at_3_std": 0.151236,
        "nauc_ndcg_at_3_diff1": 0.184853,
        "nauc_ndcg_at_5_max": 0.245551,
        "nauc_ndcg_at_5_std": 0.154884,
        "nauc_ndcg_at_5_diff1": 0.155596,
        "nauc_ndcg_at_10_max": 0.22591,
        "nauc_ndcg_at_10_std": 0.155399,
        "nauc_ndcg_at_10_diff1": 0.148004,
        "nauc_ndcg_at_20_max": 0.20879,
        "nauc_ndcg_at_20_std": 0.157015,
        "nauc_ndcg_at_20_diff1": 0.154221,
        "nauc_ndcg_at_100_max": 0.211602,
        "nauc_ndcg_at_100_std": 0.171326,
        "nauc_ndcg_at_100_diff1": 0.159708,
        "nauc_ndcg_at_1000_max": 0.237057,
        "nauc_ndcg_at_1000_std": 0.16087,
        "nauc_ndcg_at_1000_diff1": 0.161181,
        "nauc_map_at_1_max": 0.412946,
        "nauc_map_at_1_std": 0.11861,
        "nauc_map_at_1_diff1": 0.265878,
        "nauc_map_at_3_max": 0.347597,
        "nauc_map_at_3_std": 0.146319,
        "nauc_map_at_3_diff1": 0.195242,
        "nauc_map_at_5_max": 0.288663,
        "nauc_map_at_5_std": 0.14986,
        "nauc_map_at_5_diff1": 0.174425,
        "nauc_map_at_10_max": 0.274145,
        "nauc_map_at_10_std": 0.148936,
        "nauc_map_at_10_diff1": 0.169487,
        "nauc_map_at_20_max": 0.267138,
        "nauc_map_at_20_std": 0.149131,
        "nauc_map_at_20_diff1": 0.171495,
        "nauc_map_at_100_max": 0.26734,
        "nauc_map_at_100_std": 0.152414,
        "nauc_map_at_100_diff1": 0.171378,
        "nauc_map_at_1000_max": 0.269283,
        "nauc_map_at_1000_std": 0.152031,
        "nauc_map_at_1000_diff1": 0.171737,
        "nauc_recall_at_1_max": 0.412946,
        "nauc_recall_at_1_std": 0.11861,
        "nauc_recall_at_1_diff1": 0.265878,
        "nauc_recall_at_3_max": 0.302368,
        "nauc_recall_at_3_std": 0.161259,
        "nauc_recall_at_3_diff1": 0.164289,
        "nauc_recall_at_5_max": 0.168549,
        "nauc_recall_at_5_std": 0.162798,
        "nauc_recall_at_5_diff1": 0.123745,
        "nauc_recall_at_10_max": 0.152578,
        "nauc_recall_at_10_std": 0.165862,
        "nauc_recall_at_10_diff1": 0.116089,
        "nauc_recall_at_20_max": 0.121706,
        "nauc_recall_at_20_std": 0.170084,
        "nauc_recall_at_20_diff1": 0.13259,
        "nauc_recall_at_100_max": 0.099841,
        "nauc_recall_at_100_std": 0.226275,
        "nauc_recall_at_100_diff1": 0.156948,
        "nauc_recall_at_1000_max": NaN,
        "nauc_recall_at_1000_std": NaN,
        "nauc_recall_at_1000_diff1": NaN,
        "nauc_precision_at_1_max": 0.412946,
        "nauc_precision_at_1_std": 0.11861,
        "nauc_precision_at_1_diff1": 0.265878,
        "nauc_precision_at_3_max": 0.302368,
        "nauc_precision_at_3_std": 0.161259,
        "nauc_precision_at_3_diff1": 0.164289,
        "nauc_precision_at_5_max": 0.168549,
        "nauc_precision_at_5_std": 0.162798,
        "nauc_precision_at_5_diff1": 0.123745,
        "nauc_precision_at_10_max": 0.152578,
        "nauc_precision_at_10_std": 0.165862,
        "nauc_precision_at_10_diff1": 0.116089,
        "nauc_precision_at_20_max": 0.121706,
        "nauc_precision_at_20_std": 0.170084,
        "nauc_precision_at_20_diff1": 0.13259,
        "nauc_precision_at_100_max": 0.099841,
        "nauc_precision_at_100_std": 0.226275,
        "nauc_precision_at_100_diff1": 0.156948,
        "nauc_precision_at_1000_max": 1.0,
        "nauc_precision_at_1000_std": 1.0,
        "nauc_precision_at_1000_diff1": 1.0,
        "nauc_mrr_at_1_max": 0.412946,
        "nauc_mrr_at_1_std": 0.11861,
        "nauc_mrr_at_1_diff1": 0.265878,
        "nauc_mrr_at_3_max": 0.347597,
        "nauc_mrr_at_3_std": 0.146319,
        "nauc_mrr_at_3_diff1": 0.195242,
        "nauc_mrr_at_5_max": 0.288663,
        "nauc_mrr_at_5_std": 0.14986,
        "nauc_mrr_at_5_diff1": 0.174425,
        "nauc_mrr_at_10_max": 0.274145,
        "nauc_mrr_at_10_std": 0.148936,
        "nauc_mrr_at_10_diff1": 0.169487,
        "nauc_mrr_at_20_max": 0.267138,
        "nauc_mrr_at_20_std": 0.149131,
        "nauc_mrr_at_20_diff1": 0.171495,
        "nauc_mrr_at_100_max": 0.26734,
        "nauc_mrr_at_100_std": 0.152414,
        "nauc_mrr_at_100_diff1": 0.171378,
        "nauc_mrr_at_1000_max": 0.269283,
        "nauc_mrr_at_1000_std": 0.152031,
        "nauc_mrr_at_1000_diff1": 0.171737,
        "main_score": 0.13504,
        "hf_subset": "hi",
        "languages": [
          "hin-Deva"
        ]
      }
    ]
  },
  "evaluation_time": 8.042499542236328,
  "kg_co2_emissions": null
}