{
  "dataset_revision": "51adfef1c1287aab1d2d91b5bead9bcfb9c68583",
  "task_name": "XQuADRetrieval",
  "mteb_version": "1.36.26",
  "scores": {
    "validation": [
      {
        "ndcg_at_1": 0.07185,
        "ndcg_at_3": 0.11011,
        "ndcg_at_5": 0.1468,
        "ndcg_at_10": 0.17959,
        "ndcg_at_20": 0.20598,
        "ndcg_at_100": 0.26722,
        "ndcg_at_1000": 0.29845,
        "map_at_1": 0.07185,
        "map_at_3": 0.10031,
        "map_at_5": 0.12034,
        "map_at_10": 0.13404,
        "map_at_20": 0.14122,
        "map_at_100": 0.14908,
        "map_at_1000": 0.1506,
        "recall_at_1": 0.07185,
        "recall_at_3": 0.13863,
        "recall_at_5": 0.22908,
        "recall_at_10": 0.32967,
        "recall_at_20": 0.43449,
        "recall_at_100": 0.77346,
        "recall_at_1000": 1.0,
        "precision_at_1": 0.07185,
        "precision_at_3": 0.04621,
        "precision_at_5": 0.04582,
        "precision_at_10": 0.03297,
        "precision_at_20": 0.02172,
        "precision_at_100": 0.00773,
        "precision_at_1000": 0.001,
        "mrr_at_1": 0.071851,
        "mrr_at_3": 0.10031,
        "mrr_at_5": 0.120344,
        "mrr_at_10": 0.134038,
        "mrr_at_20": 0.141225,
        "mrr_at_100": 0.14908,
        "mrr_at_1000": 0.150595,
        "nauc_ndcg_at_1_max": 0.45951,
        "nauc_ndcg_at_1_std": 0.227586,
        "nauc_ndcg_at_1_diff1": 0.270207,
        "nauc_ndcg_at_3_max": 0.306631,
        "nauc_ndcg_at_3_std": 0.159881,
        "nauc_ndcg_at_3_diff1": 0.190945,
        "nauc_ndcg_at_5_max": 0.262788,
        "nauc_ndcg_at_5_std": 0.166567,
        "nauc_ndcg_at_5_diff1": 0.156911,
        "nauc_ndcg_at_10_max": 0.22704,
        "nauc_ndcg_at_10_std": 0.146956,
        "nauc_ndcg_at_10_diff1": 0.144752,
        "nauc_ndcg_at_20_max": 0.223907,
        "nauc_ndcg_at_20_std": 0.151006,
        "nauc_ndcg_at_20_diff1": 0.146343,
        "nauc_ndcg_at_100_max": 0.236491,
        "nauc_ndcg_at_100_std": 0.164674,
        "nauc_ndcg_at_100_diff1": 0.161321,
        "nauc_ndcg_at_1000_max": 0.253914,
        "nauc_ndcg_at_1000_std": 0.16189,
        "nauc_ndcg_at_1000_diff1": 0.163309,
        "nauc_map_at_1_max": 0.45951,
        "nauc_map_at_1_std": 0.227586,
        "nauc_map_at_1_diff1": 0.270207,
        "nauc_map_at_3_max": 0.335334,
        "nauc_map_at_3_std": 0.171909,
        "nauc_map_at_3_diff1": 0.204489,
        "nauc_map_at_5_max": 0.303652,
        "nauc_map_at_5_std": 0.174494,
        "nauc_map_at_5_diff1": 0.181502,
        "nauc_map_at_10_max": 0.283936,
        "nauc_map_at_10_std": 0.163454,
        "nauc_map_at_10_diff1": 0.175181,
        "nauc_map_at_20_max": 0.282561,
        "nauc_map_at_20_std": 0.164624,
        "nauc_map_at_20_diff1": 0.175883,
        "nauc_map_at_100_max": 0.284015,
        "nauc_map_at_100_std": 0.166841,
        "nauc_map_at_100_diff1": 0.177573,
        "nauc_map_at_1000_max": 0.285266,
        "nauc_map_at_1000_std": 0.166924,
        "nauc_map_at_1000_diff1": 0.177837,
        "nauc_recall_at_1_max": 0.45951,
        "nauc_recall_at_1_std": 0.227586,
        "nauc_recall_at_1_diff1": 0.270207,
        "nauc_recall_at_3_max": 0.243355,
        "nauc_recall_at_3_std": 0.133572,
        "nauc_recall_at_3_diff1": 0.161494,
        "nauc_recall_at_5_max": 0.187603,
        "nauc_recall_at_5_std": 0.153617,
        "nauc_recall_at_5_diff1": 0.110886,
        "nauc_recall_at_10_max": 0.126539,
        "nauc_recall_at_10_std": 0.118452,
        "nauc_recall_at_10_diff1": 0.090701,
        "nauc_recall_at_20_max": 0.121126,
        "nauc_recall_at_20_std": 0.129807,
        "nauc_recall_at_20_diff1": 0.094688,
        "nauc_recall_at_100_max": 0.131252,
        "nauc_recall_at_100_std": 0.188865,
        "nauc_recall_at_100_diff1": 0.150774,
        "nauc_recall_at_1000_max": NaN,
        "nauc_recall_at_1000_std": NaN,
        "nauc_recall_at_1000_diff1": NaN,
        "nauc_precision_at_1_max": 0.45951,
        "nauc_precision_at_1_std": 0.227586,
        "nauc_precision_at_1_diff1": 0.270207,
        "nauc_precision_at_3_max": 0.243355,
        "nauc_precision_at_3_std": 0.133572,
        "nauc_precision_at_3_diff1": 0.161494,
        "nauc_precision_at_5_max": 0.187603,
        "nauc_precision_at_5_std": 0.153617,
        "nauc_precision_at_5_diff1": 0.110886,
        "nauc_precision_at_10_max": 0.126539,
        "nauc_precision_at_10_std": 0.118452,
        "nauc_precision_at_10_diff1": 0.090701,
        "nauc_precision_at_20_max": 0.121126,
        "nauc_precision_at_20_std": 0.129807,
        "nauc_precision_at_20_diff1": 0.094688,
        "nauc_precision_at_100_max": 0.131252,
        "nauc_precision_at_100_std": 0.188865,
        "nauc_precision_at_100_diff1": 0.150774,
        "nauc_precision_at_1000_max": 1.0,
        "nauc_precision_at_1000_std": 1.0,
        "nauc_precision_at_1000_diff1": 1.0,
        "nauc_mrr_at_1_max": 0.45951,
        "nauc_mrr_at_1_std": 0.227586,
        "nauc_mrr_at_1_diff1": 0.270207,
        "nauc_mrr_at_3_max": 0.335334,
        "nauc_mrr_at_3_std": 0.171909,
        "nauc_mrr_at_3_diff1": 0.204489,
        "nauc_mrr_at_5_max": 0.303652,
        "nauc_mrr_at_5_std": 0.174494,
        "nauc_mrr_at_5_diff1": 0.181502,
        "nauc_mrr_at_10_max": 0.283936,
        "nauc_mrr_at_10_std": 0.163454,
        "nauc_mrr_at_10_diff1": 0.175181,
        "nauc_mrr_at_20_max": 0.282561,
        "nauc_mrr_at_20_std": 0.164624,
        "nauc_mrr_at_20_diff1": 0.175883,
        "nauc_mrr_at_100_max": 0.284015,
        "nauc_mrr_at_100_std": 0.166841,
        "nauc_mrr_at_100_diff1": 0.177573,
        "nauc_mrr_at_1000_max": 0.285266,
        "nauc_mrr_at_1000_std": 0.166924,
        "nauc_mrr_at_1000_diff1": 0.177837,
        "main_score": 0.17959,
        "hf_subset": "hi",
        "languages": [
          "hin-Deva"
        ]
      }
    ]
  },
  "evaluation_time": 8.064186573028564,
  "kg_co2_emissions": null
}