{
  "dataset_revision": "51adfef1c1287aab1d2d91b5bead9bcfb9c68583",
  "task_name": "XQuADRetrieval",
  "mteb_version": "1.36.26",
  "scores": {
    "validation": [
      {
        "ndcg_at_1": 0.69822,
        "ndcg_at_3": 0.80145,
        "ndcg_at_5": 0.81841,
        "ndcg_at_10": 0.83012,
        "ndcg_at_20": 0.83563,
        "ndcg_at_100": 0.84055,
        "ndcg_at_1000": 0.84127,
        "map_at_1": 0.69822,
        "map_at_3": 0.77684,
        "map_at_5": 0.78639,
        "map_at_10": 0.79136,
        "map_at_20": 0.79297,
        "map_at_100": 0.79373,
        "map_at_1000": 0.79376,
        "recall_at_1": 0.69822,
        "recall_at_3": 0.87236,
        "recall_at_5": 0.91293,
        "recall_at_10": 0.94844,
        "recall_at_20": 0.96957,
        "recall_at_100": 0.99493,
        "recall_at_1000": 1.0,
        "precision_at_1": 0.69822,
        "precision_at_3": 0.29079,
        "precision_at_5": 0.18259,
        "precision_at_10": 0.09484,
        "precision_at_20": 0.04848,
        "precision_at_100": 0.00995,
        "precision_at_1000": 0.001,
        "mrr_at_1": 0.698225,
        "mrr_at_3": 0.776839,
        "mrr_at_5": 0.786391,
        "mrr_at_10": 0.791361,
        "mrr_at_20": 0.792966,
        "mrr_at_100": 0.793725,
        "mrr_at_1000": 0.793763,
        "nauc_ndcg_at_1_max": 0.470145,
        "nauc_ndcg_at_1_std": 0.14698,
        "nauc_ndcg_at_1_diff1": 0.743948,
        "nauc_ndcg_at_3_max": 0.585153,
        "nauc_ndcg_at_3_std": 0.290125,
        "nauc_ndcg_at_3_diff1": 0.732394,
        "nauc_ndcg_at_5_max": 0.590707,
        "nauc_ndcg_at_5_std": 0.296978,
        "nauc_ndcg_at_5_diff1": 0.729398,
        "nauc_ndcg_at_10_max": 0.578126,
        "nauc_ndcg_at_10_std": 0.288362,
        "nauc_ndcg_at_10_diff1": 0.731631,
        "nauc_ndcg_at_20_max": 0.566843,
        "nauc_ndcg_at_20_std": 0.27693,
        "nauc_ndcg_at_20_diff1": 0.732275,
        "nauc_ndcg_at_100_max": 0.554784,
        "nauc_ndcg_at_100_std": 0.259633,
        "nauc_ndcg_at_100_diff1": 0.732967,
        "nauc_ndcg_at_1000_max": 0.552664,
        "nauc_ndcg_at_1000_std": 0.256031,
        "nauc_ndcg_at_1000_diff1": 0.732987,
        "nauc_map_at_1_max": 0.470145,
        "nauc_map_at_1_std": 0.14698,
        "nauc_map_at_1_diff1": 0.743948,
        "nauc_map_at_3_max": 0.549299,
        "nauc_map_at_3_std": 0.247916,
        "nauc_map_at_3_diff1": 0.734259,
        "nauc_map_at_5_max": 0.550415,
        "nauc_map_at_5_std": 0.249627,
        "nauc_map_at_5_diff1": 0.732799,
        "nauc_map_at_10_max": 0.545004,
        "nauc_map_at_10_std": 0.245224,
        "nauc_map_at_10_diff1": 0.733688,
        "nauc_map_at_20_max": 0.542075,
        "nauc_map_at_20_std": 0.242149,
        "nauc_map_at_20_diff1": 0.733947,
        "nauc_map_at_100_max": 0.540561,
        "nauc_map_at_100_std": 0.240006,
        "nauc_map_at_100_diff1": 0.733971,
        "nauc_map_at_1000_max": 0.540473,
        "nauc_map_at_1000_std": 0.239857,
        "nauc_map_at_1000_diff1": 0.733978,
        "nauc_recall_at_1_max": 0.470145,
        "nauc_recall_at_1_std": 0.14698,
        "nauc_recall_at_1_diff1": 0.743948,
        "nauc_recall_at_3_max": 0.751345,
        "nauc_recall_at_3_std": 0.48416,
        "nauc_recall_at_3_diff1": 0.724909,
        "nauc_recall_at_5_max": 0.84661,
        "nauc_recall_at_5_std": 0.594816,
        "nauc_recall_at_5_diff1": 0.708987,
        "nauc_recall_at_10_max": 0.908593,
        "nauc_recall_at_10_std": 0.724888,
        "nauc_recall_at_10_diff1": 0.714554,
        "nauc_recall_at_20_max": 0.929202,
        "nauc_recall_at_20_std": 0.817615,
        "nauc_recall_at_20_diff1": 0.710492,
        "nauc_recall_at_100_max": 0.97822,
        "nauc_recall_at_100_std": 0.97822,
        "nauc_recall_at_100_diff1": 0.73589,
        "nauc_recall_at_1000_max": NaN,
        "nauc_recall_at_1000_std": NaN,
        "nauc_recall_at_1000_diff1": NaN,
        "nauc_precision_at_1_max": 0.470145,
        "nauc_precision_at_1_std": 0.14698,
        "nauc_precision_at_1_diff1": 0.743948,
        "nauc_precision_at_3_max": 0.751345,
        "nauc_precision_at_3_std": 0.48416,
        "nauc_precision_at_3_diff1": 0.724909,
        "nauc_precision_at_5_max": 0.84661,
        "nauc_precision_at_5_std": 0.594816,
        "nauc_precision_at_5_diff1": 0.708987,
        "nauc_precision_at_10_max": 0.908593,
        "nauc_precision_at_10_std": 0.724888,
        "nauc_precision_at_10_diff1": 0.714554,
        "nauc_precision_at_20_max": 0.929202,
        "nauc_precision_at_20_std": 0.817615,
        "nauc_precision_at_20_diff1": 0.710492,
        "nauc_precision_at_100_max": 0.97822,
        "nauc_precision_at_100_std": 0.97822,
        "nauc_precision_at_100_diff1": 0.73589,
        "nauc_precision_at_1000_max": 1.0,
        "nauc_precision_at_1000_std": 1.0,
        "nauc_precision_at_1000_diff1": 1.0,
        "nauc_mrr_at_1_max": 0.470145,
        "nauc_mrr_at_1_std": 0.14698,
        "nauc_mrr_at_1_diff1": 0.743948,
        "nauc_mrr_at_3_max": 0.549299,
        "nauc_mrr_at_3_std": 0.247916,
        "nauc_mrr_at_3_diff1": 0.734259,
        "nauc_mrr_at_5_max": 0.550415,
        "nauc_mrr_at_5_std": 0.249627,
        "nauc_mrr_at_5_diff1": 0.732799,
        "nauc_mrr_at_10_max": 0.545004,
        "nauc_mrr_at_10_std": 0.245224,
        "nauc_mrr_at_10_diff1": 0.733688,
        "nauc_mrr_at_20_max": 0.542075,
        "nauc_mrr_at_20_std": 0.242149,
        "nauc_mrr_at_20_diff1": 0.733947,
        "nauc_mrr_at_100_max": 0.540561,
        "nauc_mrr_at_100_std": 0.240006,
        "nauc_mrr_at_100_diff1": 0.733971,
        "nauc_mrr_at_1000_max": 0.540473,
        "nauc_mrr_at_1000_std": 0.239857,
        "nauc_mrr_at_1000_diff1": 0.733978,
        "main_score": 0.83012,
        "hf_subset": "hi",
        "languages": [
          "hin-Deva"
        ]
      }
    ]
  },
  "evaluation_time": 8.123561382293701,
  "kg_co2_emissions": null
}