{
  "dataset_revision": "51adfef1c1287aab1d2d91b5bead9bcfb9c68583",
  "task_name": "XQuADRetrieval",
  "mteb_version": "1.36.26",
  "scores": {
    "validation": [
      {
        "ndcg_at_1": 0.48352,
        "ndcg_at_3": 0.60353,
        "ndcg_at_5": 0.63154,
        "ndcg_at_10": 0.65699,
        "ndcg_at_20": 0.67537,
        "ndcg_at_100": 0.69072,
        "ndcg_at_1000": 0.69262,
        "map_at_1": 0.48352,
        "map_at_3": 0.57453,
        "map_at_5": 0.59017,
        "map_at_10": 0.60069,
        "map_at_20": 0.60584,
        "map_at_100": 0.60807,
        "map_at_1000": 0.60817,
        "recall_at_1": 0.48352,
        "recall_at_3": 0.68724,
        "recall_at_5": 0.75486,
        "recall_at_10": 0.83347,
        "recall_at_20": 0.90533,
        "recall_at_100": 0.98648,
        "recall_at_1000": 1.0,
        "precision_at_1": 0.48352,
        "precision_at_3": 0.22908,
        "precision_at_5": 0.15097,
        "precision_at_10": 0.08335,
        "precision_at_20": 0.04527,
        "precision_at_100": 0.00986,
        "precision_at_1000": 0.001,
        "mrr_at_1": 0.483516,
        "mrr_at_3": 0.574528,
        "mrr_at_5": 0.590166,
        "mrr_at_10": 0.600687,
        "mrr_at_20": 0.60584,
        "mrr_at_100": 0.60807,
        "mrr_at_1000": 0.60817,
        "nauc_ndcg_at_1_max": 0.502313,
        "nauc_ndcg_at_1_std": 0.23753,
        "nauc_ndcg_at_1_diff1": 0.645915,
        "nauc_ndcg_at_3_max": 0.547098,
        "nauc_ndcg_at_3_std": 0.311221,
        "nauc_ndcg_at_3_diff1": 0.577591,
        "nauc_ndcg_at_5_max": 0.560514,
        "nauc_ndcg_at_5_std": 0.333087,
        "nauc_ndcg_at_5_diff1": 0.583617,
        "nauc_ndcg_at_10_max": 0.561474,
        "nauc_ndcg_at_10_std": 0.340169,
        "nauc_ndcg_at_10_diff1": 0.579225,
        "nauc_ndcg_at_20_max": 0.552755,
        "nauc_ndcg_at_20_std": 0.32504,
        "nauc_ndcg_at_20_diff1": 0.586544,
        "nauc_ndcg_at_100_max": 0.546661,
        "nauc_ndcg_at_100_std": 0.313813,
        "nauc_ndcg_at_100_diff1": 0.590848,
        "nauc_ndcg_at_1000_max": 0.545016,
        "nauc_ndcg_at_1000_std": 0.310561,
        "nauc_ndcg_at_1000_diff1": 0.593013,
        "nauc_map_at_1_max": 0.502313,
        "nauc_map_at_1_std": 0.23753,
        "nauc_map_at_1_diff1": 0.645915,
        "nauc_map_at_3_max": 0.534932,
        "nauc_map_at_3_std": 0.291678,
        "nauc_map_at_3_diff1": 0.593849,
        "nauc_map_at_5_max": 0.541408,
        "nauc_map_at_5_std": 0.302328,
        "nauc_map_at_5_diff1": 0.597574,
        "nauc_map_at_10_max": 0.540824,
        "nauc_map_at_10_std": 0.303668,
        "nauc_map_at_10_diff1": 0.596422,
        "nauc_map_at_20_max": 0.53858,
        "nauc_map_at_20_std": 0.299595,
        "nauc_map_at_20_diff1": 0.598499,
        "nauc_map_at_100_max": 0.537943,
        "nauc_map_at_100_std": 0.298332,
        "nauc_map_at_100_diff1": 0.599193,
        "nauc_map_at_1000_max": 0.537868,
        "nauc_map_at_1000_std": 0.29819,
        "nauc_map_at_1000_diff1": 0.599278,
        "nauc_recall_at_1_max": 0.502313,
        "nauc_recall_at_1_std": 0.23753,
        "nauc_recall_at_1_diff1": 0.645915,
        "nauc_recall_at_3_max": 0.58873,
        "nauc_recall_at_3_std": 0.377869,
        "nauc_recall_at_3_diff1": 0.523071,
        "nauc_recall_at_5_max": 0.639778,
        "nauc_recall_at_5_std": 0.460316,
        "nauc_recall_at_5_diff1": 0.530141,
        "nauc_recall_at_10_max": 0.679821,
        "nauc_recall_at_10_std": 0.550857,
        "nauc_recall_at_10_diff1": 0.485714,
        "nauc_recall_at_20_max": 0.66628,
        "nauc_recall_at_20_std": 0.534847,
        "nauc_recall_at_20_diff1": 0.496477,
        "nauc_recall_at_100_max": 0.743408,
        "nauc_recall_at_100_std": 0.706936,
        "nauc_recall_at_100_diff1": 0.32269,
        "nauc_recall_at_1000_max": NaN,
        "nauc_recall_at_1000_std": NaN,
        "nauc_recall_at_1000_diff1": NaN,
        "nauc_precision_at_1_max": 0.502313,
        "nauc_precision_at_1_std": 0.23753,
        "nauc_precision_at_1_diff1": 0.645915,
        "nauc_precision_at_3_max": 0.58873,
        "nauc_precision_at_3_std": 0.377869,
        "nauc_precision_at_3_diff1": 0.523071,
        "nauc_precision_at_5_max": 0.639778,
        "nauc_precision_at_5_std": 0.460316,
        "nauc_precision_at_5_diff1": 0.530141,
        "nauc_precision_at_10_max": 0.679821,
        "nauc_precision_at_10_std": 0.550857,
        "nauc_precision_at_10_diff1": 0.485714,
        "nauc_precision_at_20_max": 0.66628,
        "nauc_precision_at_20_std": 0.534847,
        "nauc_precision_at_20_diff1": 0.496477,
        "nauc_precision_at_100_max": 0.743408,
        "nauc_precision_at_100_std": 0.706936,
        "nauc_precision_at_100_diff1": 0.32269,
        "nauc_precision_at_1000_max": 1.0,
        "nauc_precision_at_1000_std": 1.0,
        "nauc_precision_at_1000_diff1": 1.0,
        "nauc_mrr_at_1_max": 0.502313,
        "nauc_mrr_at_1_std": 0.23753,
        "nauc_mrr_at_1_diff1": 0.645915,
        "nauc_mrr_at_3_max": 0.534932,
        "nauc_mrr_at_3_std": 0.291678,
        "nauc_mrr_at_3_diff1": 0.593849,
        "nauc_mrr_at_5_max": 0.541408,
        "nauc_mrr_at_5_std": 0.302328,
        "nauc_mrr_at_5_diff1": 0.597574,
        "nauc_mrr_at_10_max": 0.540824,
        "nauc_mrr_at_10_std": 0.303668,
        "nauc_mrr_at_10_diff1": 0.596422,
        "nauc_mrr_at_20_max": 0.53858,
        "nauc_mrr_at_20_std": 0.299595,
        "nauc_mrr_at_20_diff1": 0.598499,
        "nauc_mrr_at_100_max": 0.537943,
        "nauc_mrr_at_100_std": 0.298332,
        "nauc_mrr_at_100_diff1": 0.599193,
        "nauc_mrr_at_1000_max": 0.537868,
        "nauc_mrr_at_1000_std": 0.29819,
        "nauc_mrr_at_1000_diff1": 0.599278,
        "main_score": 0.65699,
        "hf_subset": "hi",
        "languages": [
          "hin-Deva"
        ]
      }
    ]
  },
  "evaluation_time": 8.004324197769165,
  "kg_co2_emissions": null
}