{
  "dataset_revision": "570d90ae4f7b64fe4fdd5f42fc9f9279b8c9fd9d",
  "task_name": "IndicQARetrieval",
  "mteb_version": "1.36.26",
  "scores": {
    "test": [
      {
        "ndcg_at_1": 0.00453,
        "ndcg_at_3": 0.00998,
        "ndcg_at_5": 0.01285,
        "ndcg_at_10": 0.01801,
        "ndcg_at_20": 0.02664,
        "ndcg_at_100": 0.07948,
        "ndcg_at_1000": 0.16328,
        "map_at_1": 0.00453,
        "map_at_3": 0.00853,
        "map_at_5": 0.01008,
        "map_at_10": 0.01217,
        "map_at_20": 0.01451,
        "map_at_100": 0.02048,
        "map_at_1000": 0.02419,
        "recall_at_1": 0.00453,
        "recall_at_3": 0.01425,
        "recall_at_5": 0.02137,
        "recall_at_10": 0.03756,
        "recall_at_20": 0.07189,
        "recall_at_100": 0.37694,
        "recall_at_1000": 1.0,
        "precision_at_1": 0.00453,
        "precision_at_3": 0.00475,
        "precision_at_5": 0.00427,
        "precision_at_10": 0.00376,
        "precision_at_20": 0.00359,
        "precision_at_100": 0.00378,
        "precision_at_1000": 0.001,
        "mrr_at_1": 0.004534,
        "mrr_at_3": 0.008528,
        "mrr_at_5": 0.010082,
        "mrr_at_10": 0.012166,
        "mrr_at_20": 0.014528,
        "mrr_at_100": 0.020482,
        "mrr_at_1000": 0.024178,
        "nauc_ndcg_at_1_max": -0.205635,
        "nauc_ndcg_at_1_std": -0.318299,
        "nauc_ndcg_at_1_diff1": -0.57434,
        "nauc_ndcg_at_3_max": -0.217593,
        "nauc_ndcg_at_3_std": -0.324169,
        "nauc_ndcg_at_3_diff1": -0.57434,
        "nauc_ndcg_at_5_max": -0.214923,
        "nauc_ndcg_at_5_std": -0.322859,
        "nauc_ndcg_at_5_diff1": -0.57434,
        "nauc_ndcg_at_10_max": -0.100318,
        "nauc_ndcg_at_10_std": -0.23862,
        "nauc_ndcg_at_10_diff1": -0.362313,
        "nauc_ndcg_at_20_max": -0.139073,
        "nauc_ndcg_at_20_std": -0.209265,
        "nauc_ndcg_at_20_diff1": -0.33452,
        "nauc_ndcg_at_100_max": -0.163121,
        "nauc_ndcg_at_100_std": -0.217993,
        "nauc_ndcg_at_100_diff1": -0.256567,
        "nauc_ndcg_at_1000_max": -0.160064,
        "nauc_ndcg_at_1000_std": -0.233107,
        "nauc_ndcg_at_1000_diff1": -0.330366,
        "nauc_map_at_1_max": -0.205635,
        "nauc_map_at_1_std": -0.318299,
        "nauc_map_at_1_diff1": -0.57434,
        "nauc_map_at_3_max": -0.214969,
        "nauc_map_at_3_std": -0.322881,
        "nauc_map_at_3_diff1": -0.57434,
        "nauc_map_at_5_max": -0.21353,
        "nauc_map_at_5_std": -0.322175,
        "nauc_map_at_5_diff1": -0.57434,
        "nauc_map_at_10_max": -0.138993,
        "nauc_map_at_10_std": -0.271201,
        "nauc_map_at_10_diff1": -0.435757,
        "nauc_map_at_20_max": -0.152064,
        "nauc_map_at_20_std": -0.250422,
        "nauc_map_at_20_diff1": -0.403799,
        "nauc_map_at_100_max": -0.162859,
        "nauc_map_at_100_std": -0.253918,
        "nauc_map_at_100_diff1": -0.375638,
        "nauc_map_at_1000_max": -0.163353,
        "nauc_map_at_1000_std": -0.255487,
        "nauc_map_at_1000_diff1": -0.388025,
        "nauc_recall_at_1_max": -0.205635,
        "nauc_recall_at_1_std": -0.318299,
        "nauc_recall_at_1_diff1": -0.57434,
        "nauc_recall_at_3_max": -0.222394,
        "nauc_recall_at_3_std": -0.326526,
        "nauc_recall_at_3_diff1": -0.57434,
        "nauc_recall_at_5_max": -0.216808,
        "nauc_recall_at_5_std": -0.323784,
        "nauc_recall_at_5_diff1": -0.57434,
        "nauc_recall_at_10_max": -0.054183,
        "nauc_recall_at_10_std": -0.197483,
        "nauc_recall_at_10_diff1": -0.275397,
        "nauc_recall_at_20_max": -0.133486,
        "nauc_recall_at_20_std": -0.175619,
        "nauc_recall_at_20_diff1": -0.285158,
        "nauc_recall_at_100_max": -0.167099,
        "nauc_recall_at_100_std": -0.198338,
        "nauc_recall_at_100_diff1": -0.191015,
        "nauc_recall_at_1000_max": NaN,
        "nauc_recall_at_1000_std": NaN,
        "nauc_recall_at_1000_diff1": NaN,
        "nauc_precision_at_1_max": -0.205635,
        "nauc_precision_at_1_std": -0.318299,
        "nauc_precision_at_1_diff1": -0.57434,
        "nauc_precision_at_3_max": -0.222394,
        "nauc_precision_at_3_std": -0.326526,
        "nauc_precision_at_3_diff1": -0.57434,
        "nauc_precision_at_5_max": -0.216808,
        "nauc_precision_at_5_std": -0.323784,
        "nauc_precision_at_5_diff1": -0.57434,
        "nauc_precision_at_10_max": -0.054183,
        "nauc_precision_at_10_std": -0.197483,
        "nauc_precision_at_10_diff1": -0.275397,
        "nauc_precision_at_20_max": -0.133486,
        "nauc_precision_at_20_std": -0.175619,
        "nauc_precision_at_20_diff1": -0.285158,
        "nauc_precision_at_100_max": -0.167321,
        "nauc_precision_at_100_std": -0.199448,
        "nauc_precision_at_100_diff1": -0.192552,
        "nauc_precision_at_1000_max": -0.2022,
        "nauc_precision_at_1000_std": -0.312914,
        "nauc_precision_at_1000_diff1": -0.398261,
        "nauc_mrr_at_1_max": -0.205635,
        "nauc_mrr_at_1_std": -0.318299,
        "nauc_mrr_at_1_diff1": -0.57434,
        "nauc_mrr_at_3_max": -0.214969,
        "nauc_mrr_at_3_std": -0.322881,
        "nauc_mrr_at_3_diff1": -0.57434,
        "nauc_mrr_at_5_max": -0.21353,
        "nauc_mrr_at_5_std": -0.322175,
        "nauc_mrr_at_5_diff1": -0.57434,
        "nauc_mrr_at_10_max": -0.138993,
        "nauc_mrr_at_10_std": -0.271201,
        "nauc_mrr_at_10_diff1": -0.435757,
        "nauc_mrr_at_20_max": -0.157576,
        "nauc_mrr_at_20_std": -0.253708,
        "nauc_mrr_at_20_diff1": -0.404122,
        "nauc_mrr_at_100_max": -0.163271,
        "nauc_mrr_at_100_std": -0.255149,
        "nauc_mrr_at_100_diff1": -0.375977,
        "nauc_mrr_at_1000_max": -0.163655,
        "nauc_mrr_at_1000_std": -0.256676,
        "nauc_mrr_at_1000_diff1": -0.38824,
        "main_score": 0.01801,
        "hf_subset": "hi",
        "languages": [
          "hin-Deva"
        ]
      }
    ]
  },
  "evaluation_time": 10.274029970169067,
  "kg_co2_emissions": null
}