{
  "dataset_revision": "efa78cc2f74bbcd21eff2261f9e13aebe40b814e",
  "task_name": "MintakaRetrieval",
  "mteb_version": "1.36.26",
  "scores": {
    "test": [
      {
        "ndcg_at_1": 0.00075,
        "ndcg_at_3": 0.00159,
        "ndcg_at_5": 0.00221,
        "ndcg_at_10": 0.0034,
        "ndcg_at_20": 0.00524,
        "ndcg_at_100": 0.01718,
        "ndcg_at_1000": 0.12442,
        "map_at_1": 0.00075,
        "map_at_3": 0.00137,
        "map_at_5": 0.00171,
        "map_at_10": 0.00219,
        "map_at_20": 0.00267,
        "map_at_100": 0.00399,
        "map_at_1000": 0.00671,
        "recall_at_1": 0.00075,
        "recall_at_3": 0.00224,
        "recall_at_5": 0.00374,
        "recall_at_10": 0.00748,
        "recall_at_20": 0.01496,
        "recall_at_100": 0.08452,
        "recall_at_1000": 1.0,
        "precision_at_1": 0.00075,
        "precision_at_3": 0.00075,
        "precision_at_5": 0.00075,
        "precision_at_10": 0.00075,
        "precision_at_20": 0.00075,
        "precision_at_100": 0.00085,
        "precision_at_1000": 0.001,
        "mrr_at_1": 0.000748,
        "mrr_at_3": 0.001371,
        "mrr_at_5": 0.001895,
        "mrr_at_10": 0.00217,
        "mrr_at_20": 0.002723,
        "mrr_at_100": 0.004034,
        "mrr_at_1000": 0.006761,
        "nauc_ndcg_at_1_max": 1.0,
        "nauc_ndcg_at_1_std": -0.070687,
        "nauc_ndcg_at_1_diff1": -0.415239,
        "nauc_ndcg_at_3_max": 0.211433,
        "nauc_ndcg_at_3_std": -0.316041,
        "nauc_ndcg_at_3_diff1": -0.424102,
        "nauc_ndcg_at_5_max": 0.119171,
        "nauc_ndcg_at_5_std": -0.293218,
        "nauc_ndcg_at_5_diff1": -0.418621,
        "nauc_ndcg_at_10_max": 0.188771,
        "nauc_ndcg_at_10_std": -0.175388,
        "nauc_ndcg_at_10_diff1": -0.174079,
        "nauc_ndcg_at_20_max": 0.193625,
        "nauc_ndcg_at_20_std": -0.153746,
        "nauc_ndcg_at_20_diff1": -0.112332,
        "nauc_ndcg_at_100_max": 0.146906,
        "nauc_ndcg_at_100_std": -0.05069,
        "nauc_ndcg_at_100_diff1": 0.006161,
        "nauc_ndcg_at_1000_max": 0.106077,
        "nauc_ndcg_at_1000_std": -0.059079,
        "nauc_ndcg_at_1000_diff1": -0.042166,
        "nauc_map_at_1_max": 1.0,
        "nauc_map_at_1_std": -0.070687,
        "nauc_map_at_1_diff1": -0.415239,
        "nauc_map_at_3_max": 0.327675,
        "nauc_map_at_3_std": -0.279386,
        "nauc_map_at_3_diff1": -0.417923,
        "nauc_map_at_5_max": 0.236825,
        "nauc_map_at_5_std": -0.268435,
        "nauc_map_at_5_diff1": -0.414219,
        "nauc_map_at_10_max": 0.249611,
        "nauc_map_at_10_std": -0.2078,
        "nauc_map_at_10_diff1": -0.27129,
        "nauc_map_at_20_max": 0.238169,
        "nauc_map_at_20_std": -0.197563,
        "nauc_map_at_20_diff1": -0.230139,
        "nauc_map_at_100_max": 0.21882,
        "nauc_map_at_100_std": -0.128607,
        "nauc_map_at_100_diff1": -0.126474,
        "nauc_map_at_1000_max": 0.188425,
        "nauc_map_at_1000_std": -0.118931,
        "nauc_map_at_1000_diff1": -0.12451,
        "nauc_recall_at_1_max": 1.0,
        "nauc_recall_at_1_std": -0.070687,
        "nauc_recall_at_1_diff1": -0.415239,
        "nauc_recall_at_3_max": 0.003278,
        "nauc_recall_at_3_std": -0.38179,
        "nauc_recall_at_3_diff1": -0.436263,
        "nauc_recall_at_5_max": -0.042089,
        "nauc_recall_at_5_std": -0.326259,
        "nauc_recall_at_5_diff1": -0.425434,
        "nauc_recall_at_10_max": 0.146195,
        "nauc_recall_at_10_std": -0.129282,
        "nauc_recall_at_10_diff1": -0.058409,
        "nauc_recall_at_20_max": 0.178409,
        "nauc_recall_at_20_std": -0.112245,
        "nauc_recall_at_20_diff1": -0.017229,
        "nauc_recall_at_100_max": 0.121347,
        "nauc_recall_at_100_std": -0.028126,
        "nauc_recall_at_100_diff1": 0.039097,
        "nauc_recall_at_1000_max": NaN,
        "nauc_recall_at_1000_std": NaN,
        "nauc_recall_at_1000_diff1": NaN,
        "nauc_precision_at_1_max": 1.0,
        "nauc_precision_at_1_std": -0.070687,
        "nauc_precision_at_1_diff1": -0.415239,
        "nauc_precision_at_3_max": 0.003278,
        "nauc_precision_at_3_std": -0.38179,
        "nauc_precision_at_3_diff1": -0.436263,
        "nauc_precision_at_5_max": -0.042089,
        "nauc_precision_at_5_std": -0.326259,
        "nauc_precision_at_5_diff1": -0.425434,
        "nauc_precision_at_10_max": 0.146195,
        "nauc_precision_at_10_std": -0.129282,
        "nauc_precision_at_10_diff1": -0.058409,
        "nauc_precision_at_20_max": 0.178409,
        "nauc_precision_at_20_std": -0.112245,
        "nauc_precision_at_20_diff1": -0.017229,
        "nauc_precision_at_100_max": 0.121347,
        "nauc_precision_at_100_std": -0.028126,
        "nauc_precision_at_100_diff1": 0.039097,
        "nauc_precision_at_1000_max": 1.0,
        "nauc_precision_at_1000_std": 1.0,
        "nauc_precision_at_1000_diff1": 1.0,
        "nauc_mrr_at_1_max": 1.0,
        "nauc_mrr_at_1_std": -0.070687,
        "nauc_mrr_at_1_diff1": -0.415239,
        "nauc_mrr_at_3_max": 0.327675,
        "nauc_mrr_at_3_std": -0.279386,
        "nauc_mrr_at_3_diff1": -0.417923,
        "nauc_mrr_at_5_max": 0.278839,
        "nauc_mrr_at_5_std": -0.26226,
        "nauc_mrr_at_5_diff1": -0.393657,
        "nauc_mrr_at_10_max": 0.231751,
        "nauc_mrr_at_10_std": -0.243349,
        "nauc_mrr_at_10_diff1": -0.323631,
        "nauc_mrr_at_20_max": 0.245387,
        "nauc_mrr_at_20_std": -0.203923,
        "nauc_mrr_at_20_diff1": -0.24045,
        "nauc_mrr_at_100_max": 0.224196,
        "nauc_mrr_at_100_std": -0.135834,
        "nauc_mrr_at_100_diff1": -0.137077,
        "nauc_mrr_at_1000_max": 0.193584,
        "nauc_mrr_at_1000_std": -0.124231,
        "nauc_mrr_at_1000_diff1": -0.132867,
        "main_score": 0.0034,
        "hf_subset": "hi",
        "languages": [
          "hin-Deva"
        ]
      }
    ]
  },
  "evaluation_time": 4.911325931549072,
  "kg_co2_emissions": null
}