{
  "dataset_revision": "51adfef1c1287aab1d2d91b5bead9bcfb9c68583",
  "task_name": "XQuADRetrieval",
  "mteb_version": "1.36.26",
  "scores": {
    "validation": [
      {
        "ndcg_at_1": 0.00338,
        "ndcg_at_3": 0.00816,
        "ndcg_at_5": 0.01129,
        "ndcg_at_10": 0.01778,
        "ndcg_at_20": 0.0284,
        "ndcg_at_100": 0.08737,
        "ndcg_at_1000": 0.1657,
        "map_at_1": 0.00338,
        "map_at_3": 0.0069,
        "map_at_5": 0.00864,
        "map_at_10": 0.01127,
        "map_at_20": 0.01415,
        "map_at_100": 0.02086,
        "map_at_1000": 0.02441,
        "recall_at_1": 0.00338,
        "recall_at_3": 0.01183,
        "recall_at_5": 0.01944,
        "recall_at_10": 0.03973,
        "recall_at_20": 0.08199,
        "recall_at_100": 0.42181,
        "recall_at_1000": 1.0,
        "precision_at_1": 0.00338,
        "precision_at_3": 0.00394,
        "precision_at_5": 0.00389,
        "precision_at_10": 0.00397,
        "precision_at_20": 0.0041,
        "precision_at_100": 0.00422,
        "precision_at_1000": 0.001,
        "mrr_at_1": 0.003381,
        "mrr_at_3": 0.006903,
        "mrr_at_5": 0.008805,
        "mrr_at_10": 0.011299,
        "mrr_at_20": 0.014238,
        "mrr_at_100": 0.020935,
        "mrr_at_1000": 0.024492,
        "nauc_ndcg_at_1_max": -0.574492,
        "nauc_ndcg_at_1_std": -0.574492,
        "nauc_ndcg_at_1_diff1": -0.574492,
        "nauc_ndcg_at_3_max": -0.114641,
        "nauc_ndcg_at_3_std": 0.172588,
        "nauc_ndcg_at_3_diff1": -0.134021,
        "nauc_ndcg_at_5_max": 0.04595,
        "nauc_ndcg_at_5_std": 0.124834,
        "nauc_ndcg_at_5_diff1": -0.054365,
        "nauc_ndcg_at_10_max": 0.014097,
        "nauc_ndcg_at_10_std": 0.168237,
        "nauc_ndcg_at_10_diff1": 0.030809,
        "nauc_ndcg_at_20_max": -0.045663,
        "nauc_ndcg_at_20_std": 0.179904,
        "nauc_ndcg_at_20_diff1": 0.014382,
        "nauc_ndcg_at_100_max": -0.112888,
        "nauc_ndcg_at_100_std": 0.001531,
        "nauc_ndcg_at_100_diff1": -0.02228,
        "nauc_ndcg_at_1000_max": -0.080033,
        "nauc_ndcg_at_1000_std": 0.077207,
        "nauc_ndcg_at_1000_diff1": -0.011194,
        "nauc_map_at_1_max": -0.574492,
        "nauc_map_at_1_std": -0.574492,
        "nauc_map_at_1_diff1": -0.574492,
        "nauc_map_at_3_max": -0.204311,
        "nauc_map_at_3_std": 0.090828,
        "nauc_map_at_3_diff1": -0.209419,
        "nauc_map_at_5_max": -0.07192,
        "nauc_map_at_5_std": 0.071708,
        "nauc_map_at_5_diff1": -0.138249,
        "nauc_map_at_10_max": -0.06624,
        "nauc_map_at_10_std": 0.110757,
        "nauc_map_at_10_diff1": -0.054933,
        "nauc_map_at_20_max": -0.085226,
        "nauc_map_at_20_std": 0.136606,
        "nauc_map_at_20_diff1": -0.047236,
        "nauc_map_at_100_max": -0.094928,
        "nauc_map_at_100_std": 0.076191,
        "nauc_map_at_100_diff1": -0.043699,
        "nauc_map_at_1000_max": -0.092281,
        "nauc_map_at_1000_std": 0.088537,
        "nauc_map_at_1000_diff1": -0.044063,
        "nauc_recall_at_1_max": -0.574492,
        "nauc_recall_at_1_std": -0.574492,
        "nauc_recall_at_1_diff1": -0.574492,
        "nauc_recall_at_3_max": 0.044825,
        "nauc_recall_at_3_std": 0.308659,
        "nauc_recall_at_3_diff1": -0.001467,
        "nauc_recall_at_5_max": 0.212677,
        "nauc_recall_at_5_std": 0.189718,
        "nauc_recall_at_5_diff1": 0.062165,
        "nauc_recall_at_10_max": 0.084887,
        "nauc_recall_at_10_std": 0.219801,
        "nauc_recall_at_10_diff1": 0.108327,
        "nauc_recall_at_20_max": -0.030475,
        "nauc_recall_at_20_std": 0.19972,
        "nauc_recall_at_20_diff1": 0.046795,
        "nauc_recall_at_100_max": -0.143734,
        "nauc_recall_at_100_std": -0.057193,
        "nauc_recall_at_100_diff1": -0.030624,
        "nauc_recall_at_1000_max": NaN,
        "nauc_recall_at_1000_std": NaN,
        "nauc_recall_at_1000_diff1": NaN,
        "nauc_precision_at_1_max": -0.574492,
        "nauc_precision_at_1_std": -0.574492,
        "nauc_precision_at_1_diff1": -0.574492,
        "nauc_precision_at_3_max": 0.044825,
        "nauc_precision_at_3_std": 0.308659,
        "nauc_precision_at_3_diff1": -0.001467,
        "nauc_precision_at_5_max": 0.212677,
        "nauc_precision_at_5_std": 0.189718,
        "nauc_precision_at_5_diff1": 0.062165,
        "nauc_precision_at_10_max": 0.084887,
        "nauc_precision_at_10_std": 0.219801,
        "nauc_precision_at_10_diff1": 0.108327,
        "nauc_precision_at_20_max": -0.030475,
        "nauc_precision_at_20_std": 0.19972,
        "nauc_precision_at_20_diff1": 0.046795,
        "nauc_precision_at_100_max": -0.143734,
        "nauc_precision_at_100_std": -0.057193,
        "nauc_precision_at_100_diff1": -0.030624,
        "nauc_precision_at_1000_max": 1.0,
        "nauc_precision_at_1000_std": 1.0,
        "nauc_precision_at_1000_diff1": 1.0,
        "nauc_mrr_at_1_max": -0.574492,
        "nauc_mrr_at_1_std": -0.574492,
        "nauc_mrr_at_1_diff1": -0.574492,
        "nauc_mrr_at_3_max": -0.040227,
        "nauc_mrr_at_3_std": -0.04731,
        "nauc_mrr_at_3_diff1": 0.125107,
        "nauc_mrr_at_5_max": 0.016789,
        "nauc_mrr_at_5_std": -0.065291,
        "nauc_mrr_at_5_diff1": 0.095042,
        "nauc_mrr_at_10_max": 0.027361,
        "nauc_mrr_at_10_std": 0.032919,
        "nauc_mrr_at_10_diff1": 0.071514,
        "nauc_mrr_at_20_max": -0.002208,
        "nauc_mrr_at_20_std": 0.063727,
        "nauc_mrr_at_20_diff1": 0.055126,
        "nauc_mrr_at_100_max": -0.0274,
        "nauc_mrr_at_100_std": 0.017712,
        "nauc_mrr_at_100_diff1": 0.039438,
        "nauc_mrr_at_1000_max": -0.019998,
        "nauc_mrr_at_1000_std": 0.026042,
        "nauc_mrr_at_1000_diff1": 0.04494,
        "main_score": 0.01778,
        "hf_subset": "hi",
        "languages": [
          "hin-Deva"
        ]
      }
    ]
  },
  "evaluation_time": 7.9866955280303955,
  "kg_co2_emissions": null
}