{
  "dataset_revision": "51adfef1c1287aab1d2d91b5bead9bcfb9c68583",
  "task_name": "XQuADRetrieval",
  "mteb_version": "1.36.26",
  "scores": {
    "validation": [
      {
        "ndcg_at_1": 0.68555,
        "ndcg_at_3": 0.79263,
        "ndcg_at_5": 0.8085,
        "ndcg_at_10": 0.82098,
        "ndcg_at_20": 0.82695,
        "ndcg_at_100": 0.8329,
        "ndcg_at_1000": 0.83349,
        "map_at_1": 0.68555,
        "map_at_3": 0.76754,
        "map_at_5": 0.77646,
        "map_at_10": 0.78171,
        "map_at_20": 0.78334,
        "map_at_100": 0.78422,
        "map_at_1000": 0.78425,
        "recall_at_1": 0.68555,
        "recall_at_3": 0.86475,
        "recall_at_5": 0.90279,
        "recall_at_10": 0.94083,
        "recall_at_20": 0.9645,
        "recall_at_100": 0.99577,
        "recall_at_1000": 1.0,
        "precision_at_1": 0.68555,
        "precision_at_3": 0.28825,
        "precision_at_5": 0.18056,
        "precision_at_10": 0.09408,
        "precision_at_20": 0.04822,
        "precision_at_100": 0.00996,
        "precision_at_1000": 0.001,
        "mrr_at_1": 0.685545,
        "mrr_at_3": 0.76754,
        "mrr_at_5": 0.776458,
        "mrr_at_10": 0.781714,
        "mrr_at_20": 0.783341,
        "mrr_at_100": 0.784221,
        "mrr_at_1000": 0.784251,
        "nauc_ndcg_at_1_max": 0.518523,
        "nauc_ndcg_at_1_std": 0.196565,
        "nauc_ndcg_at_1_diff1": 0.742038,
        "nauc_ndcg_at_3_max": 0.626096,
        "nauc_ndcg_at_3_std": 0.331133,
        "nauc_ndcg_at_3_diff1": 0.717004,
        "nauc_ndcg_at_5_max": 0.628007,
        "nauc_ndcg_at_5_std": 0.332367,
        "nauc_ndcg_at_5_diff1": 0.712687,
        "nauc_ndcg_at_10_max": 0.621271,
        "nauc_ndcg_at_10_std": 0.331611,
        "nauc_ndcg_at_10_diff1": 0.721021,
        "nauc_ndcg_at_20_max": 0.610044,
        "nauc_ndcg_at_20_std": 0.316255,
        "nauc_ndcg_at_20_diff1": 0.72016,
        "nauc_ndcg_at_100_max": 0.598812,
        "nauc_ndcg_at_100_std": 0.30036,
        "nauc_ndcg_at_100_diff1": 0.723542,
        "nauc_ndcg_at_1000_max": 0.597209,
        "nauc_ndcg_at_1000_std": 0.297564,
        "nauc_ndcg_at_1000_diff1": 0.722985,
        "nauc_map_at_1_max": 0.518523,
        "nauc_map_at_1_std": 0.196565,
        "nauc_map_at_1_diff1": 0.742038,
        "nauc_map_at_3_max": 0.593035,
        "nauc_map_at_3_std": 0.289848,
        "nauc_map_at_3_diff1": 0.722957,
        "nauc_map_at_5_max": 0.592881,
        "nauc_map_at_5_std": 0.288888,
        "nauc_map_at_5_diff1": 0.721242,
        "nauc_map_at_10_max": 0.589655,
        "nauc_map_at_10_std": 0.287358,
        "nauc_map_at_10_diff1": 0.724492,
        "nauc_map_at_20_max": 0.586919,
        "nauc_map_at_20_std": 0.283659,
        "nauc_map_at_20_diff1": 0.724425,
        "nauc_map_at_100_max": 0.585588,
        "nauc_map_at_100_std": 0.281803,
        "nauc_map_at_100_diff1": 0.724848,
        "nauc_map_at_1000_max": 0.585523,
        "nauc_map_at_1000_std": 0.28169,
        "nauc_map_at_1000_diff1": 0.724826,
        "nauc_recall_at_1_max": 0.518523,
        "nauc_recall_at_1_std": 0.196565,
        "nauc_recall_at_1_diff1": 0.742038,
        "nauc_recall_at_3_max": 0.775786,
        "nauc_recall_at_3_std": 0.518008,
        "nauc_recall_at_3_diff1": 0.691206,
        "nauc_recall_at_5_max": 0.833513,
        "nauc_recall_at_5_std": 0.586889,
        "nauc_recall_at_5_diff1": 0.662611,
        "nauc_recall_at_10_max": 0.90861,
        "nauc_recall_at_10_std": 0.745636,
        "nauc_recall_at_10_diff1": 0.697237,
        "nauc_recall_at_20_max": 0.907085,
        "nauc_recall_at_20_std": 0.75553,
        "nauc_recall_at_20_diff1": 0.662791,
        "nauc_recall_at_100_max": 1.0,
        "nauc_recall_at_100_std": 1.0,
        "nauc_recall_at_100_diff1": 0.862742,
        "nauc_recall_at_1000_max": NaN,
        "nauc_recall_at_1000_std": NaN,
        "nauc_recall_at_1000_diff1": NaN,
        "nauc_precision_at_1_max": 0.518523,
        "nauc_precision_at_1_std": 0.196565,
        "nauc_precision_at_1_diff1": 0.742038,
        "nauc_precision_at_3_max": 0.775786,
        "nauc_precision_at_3_std": 0.518008,
        "nauc_precision_at_3_diff1": 0.691206,
        "nauc_precision_at_5_max": 0.833513,
        "nauc_precision_at_5_std": 0.586889,
        "nauc_precision_at_5_diff1": 0.662611,
        "nauc_precision_at_10_max": 0.90861,
        "nauc_precision_at_10_std": 0.745636,
        "nauc_precision_at_10_diff1": 0.697237,
        "nauc_precision_at_20_max": 0.907085,
        "nauc_precision_at_20_std": 0.75553,
        "nauc_precision_at_20_diff1": 0.662791,
        "nauc_precision_at_100_max": 1.0,
        "nauc_precision_at_100_std": 1.0,
        "nauc_precision_at_100_diff1": 0.862742,
        "nauc_precision_at_1000_max": 1.0,
        "nauc_precision_at_1000_std": 1.0,
        "nauc_precision_at_1000_diff1": 1.0,
        "nauc_mrr_at_1_max": 0.518523,
        "nauc_mrr_at_1_std": 0.196565,
        "nauc_mrr_at_1_diff1": 0.742038,
        "nauc_mrr_at_3_max": 0.593035,
        "nauc_mrr_at_3_std": 0.289848,
        "nauc_mrr_at_3_diff1": 0.722957,
        "nauc_mrr_at_5_max": 0.592881,
        "nauc_mrr_at_5_std": 0.288888,
        "nauc_mrr_at_5_diff1": 0.721242,
        "nauc_mrr_at_10_max": 0.589655,
        "nauc_mrr_at_10_std": 0.287358,
        "nauc_mrr_at_10_diff1": 0.724492,
        "nauc_mrr_at_20_max": 0.586919,
        "nauc_mrr_at_20_std": 0.283659,
        "nauc_mrr_at_20_diff1": 0.724425,
        "nauc_mrr_at_100_max": 0.585588,
        "nauc_mrr_at_100_std": 0.281803,
        "nauc_mrr_at_100_diff1": 0.724848,
        "nauc_mrr_at_1000_max": 0.585523,
        "nauc_mrr_at_1000_std": 0.28169,
        "nauc_mrr_at_1000_diff1": 0.724826,
        "main_score": 0.82098,
        "hf_subset": "hi",
        "languages": [
          "hin-Deva"
        ]
      }
    ]
  },
  "evaluation_time": 8.137482166290283,
  "kg_co2_emissions": null
}