{
  "dataset_revision": "51adfef1c1287aab1d2d91b5bead9bcfb9c68583",
  "task_name": "XQuADRetrieval",
  "mteb_version": "1.36.26",
  "scores": {
    "validation": [
      {
        "ndcg_at_1": 0.01437,
        "ndcg_at_3": 0.02351,
        "ndcg_at_5": 0.02594,
        "ndcg_at_10": 0.04773,
        "ndcg_at_20": 0.08651,
        "ndcg_at_100": 0.15984,
        "ndcg_at_1000": 0.20555,
        "map_at_1": 0.01437,
        "map_at_3": 0.02113,
        "map_at_5": 0.02249,
        "map_at_10": 0.03079,
        "map_at_20": 0.04148,
        "map_at_100": 0.05073,
        "map_at_1000": 0.05296,
        "recall_at_1": 0.01437,
        "recall_at_3": 0.03043,
        "recall_at_5": 0.03635,
        "recall_at_10": 0.10735,
        "recall_at_20": 0.26036,
        "recall_at_100": 0.66864,
        "recall_at_1000": 1.0,
        "precision_at_1": 0.01437,
        "precision_at_3": 0.01014,
        "precision_at_5": 0.00727,
        "precision_at_10": 0.01074,
        "precision_at_20": 0.01302,
        "precision_at_100": 0.00669,
        "precision_at_1000": 0.001,
        "mrr_at_1": 0.01437,
        "mrr_at_3": 0.021133,
        "mrr_at_5": 0.022485,
        "mrr_at_10": 0.030787,
        "mrr_at_20": 0.041484,
        "mrr_at_100": 0.050728,
        "mrr_at_1000": 0.05296,
        "nauc_ndcg_at_1_max": -0.010177,
        "nauc_ndcg_at_1_std": 0.017766,
        "nauc_ndcg_at_1_diff1": 0.370664,
        "nauc_ndcg_at_3_max": 0.0072,
        "nauc_ndcg_at_3_std": 0.128398,
        "nauc_ndcg_at_3_diff1": 0.268714,
        "nauc_ndcg_at_5_max": -0.022047,
        "nauc_ndcg_at_5_std": 0.110051,
        "nauc_ndcg_at_5_diff1": 0.236534,
        "nauc_ndcg_at_10_max": -0.055963,
        "nauc_ndcg_at_10_std": 0.018513,
        "nauc_ndcg_at_10_diff1": 0.071938,
        "nauc_ndcg_at_20_max": -0.050287,
        "nauc_ndcg_at_20_std": 0.017454,
        "nauc_ndcg_at_20_diff1": 0.067288,
        "nauc_ndcg_at_100_max": -0.027599,
        "nauc_ndcg_at_100_std": 0.013385,
        "nauc_ndcg_at_100_diff1": 0.042056,
        "nauc_ndcg_at_1000_max": -0.034382,
        "nauc_ndcg_at_1000_std": 0.029116,
        "nauc_ndcg_at_1000_diff1": 0.085384,
        "nauc_map_at_1_max": -0.010177,
        "nauc_map_at_1_std": 0.017766,
        "nauc_map_at_1_diff1": 0.370664,
        "nauc_map_at_3_max": 0.01147,
        "nauc_map_at_3_std": 0.117214,
        "nauc_map_at_3_diff1": 0.286678,
        "nauc_map_at_5_max": -0.007905,
        "nauc_map_at_5_std": 0.106092,
        "nauc_map_at_5_diff1": 0.264704,
        "nauc_map_at_10_max": -0.032,
        "nauc_map_at_10_std": 0.053475,
        "nauc_map_at_10_diff1": 0.158245,
        "nauc_map_at_20_max": -0.035301,
        "nauc_map_at_20_std": 0.045788,
        "nauc_map_at_20_diff1": 0.140398,
        "nauc_map_at_100_max": -0.029172,
        "nauc_map_at_100_std": 0.04342,
        "nauc_map_at_100_diff1": 0.132489,
        "nauc_map_at_1000_max": -0.029553,
        "nauc_map_at_1000_std": 0.045693,
        "nauc_map_at_1000_diff1": 0.137675,
        "nauc_recall_at_1_max": -0.010177,
        "nauc_recall_at_1_std": 0.017766,
        "nauc_recall_at_1_diff1": 0.370664,
        "nauc_recall_at_3_max": -0.003399,
        "nauc_recall_at_3_std": 0.148814,
        "nauc_recall_at_3_diff1": 0.232357,
        "nauc_recall_at_5_max": -0.051351,
        "nauc_recall_at_5_std": 0.113819,
        "nauc_recall_at_5_diff1": 0.183252,
        "nauc_recall_at_10_max": -0.08109,
        "nauc_recall_at_10_std": -0.022321,
        "nauc_recall_at_10_diff1": -0.018547,
        "nauc_recall_at_20_max": -0.058633,
        "nauc_recall_at_20_std": -0.003878,
        "nauc_recall_at_20_diff1": 0.016079,
        "nauc_recall_at_100_max": -0.013258,
        "nauc_recall_at_100_std": -0.012973,
        "nauc_recall_at_100_diff1": -0.042299,
        "nauc_recall_at_1000_max": NaN,
        "nauc_recall_at_1000_std": NaN,
        "nauc_recall_at_1000_diff1": NaN,
        "nauc_precision_at_1_max": -0.010177,
        "nauc_precision_at_1_std": 0.017766,
        "nauc_precision_at_1_diff1": 0.370664,
        "nauc_precision_at_3_max": -0.003399,
        "nauc_precision_at_3_std": 0.148814,
        "nauc_precision_at_3_diff1": 0.232357,
        "nauc_precision_at_5_max": -0.051351,
        "nauc_precision_at_5_std": 0.113819,
        "nauc_precision_at_5_diff1": 0.183252,
        "nauc_precision_at_10_max": -0.08109,
        "nauc_precision_at_10_std": -0.022321,
        "nauc_precision_at_10_diff1": -0.018547,
        "nauc_precision_at_20_max": -0.058633,
        "nauc_precision_at_20_std": -0.003878,
        "nauc_precision_at_20_diff1": 0.016079,
        "nauc_precision_at_100_max": -0.013258,
        "nauc_precision_at_100_std": -0.012973,
        "nauc_precision_at_100_diff1": -0.042299,
        "nauc_precision_at_1000_max": 1.0,
        "nauc_precision_at_1000_std": 1.0,
        "nauc_precision_at_1000_diff1": 1.0,
        "nauc_mrr_at_1_max": -0.010177,
        "nauc_mrr_at_1_std": 0.017766,
        "nauc_mrr_at_1_diff1": 0.370664,
        "nauc_mrr_at_3_max": 0.01147,
        "nauc_mrr_at_3_std": 0.117214,
        "nauc_mrr_at_3_diff1": 0.286678,
        "nauc_mrr_at_5_max": -0.007905,
        "nauc_mrr_at_5_std": 0.106092,
        "nauc_mrr_at_5_diff1": 0.264704,
        "nauc_mrr_at_10_max": -0.032,
        "nauc_mrr_at_10_std": 0.053475,
        "nauc_mrr_at_10_diff1": 0.158245,
        "nauc_mrr_at_20_max": -0.035301,
        "nauc_mrr_at_20_std": 0.045788,
        "nauc_mrr_at_20_diff1": 0.140398,
        "nauc_mrr_at_100_max": -0.029172,
        "nauc_mrr_at_100_std": 0.04342,
        "nauc_mrr_at_100_diff1": 0.132489,
        "nauc_mrr_at_1000_max": -0.029553,
        "nauc_mrr_at_1000_std": 0.045693,
        "nauc_mrr_at_1000_diff1": 0.137675,
        "main_score": 0.04773,
        "hf_subset": "hi",
        "languages": [
          "hin-Deva"
        ]
      }
    ]
  },
  "evaluation_time": 0.599036693572998,
  "kg_co2_emissions": null
}