{
  "dataset_revision": "51adfef1c1287aab1d2d91b5bead9bcfb9c68583",
  "task_name": "XQuADRetrieval",
  "mteb_version": "1.36.26",
  "scores": {
    "validation": [
      {
        "ndcg_at_1": 0.70921,
        "ndcg_at_3": 0.80622,
        "ndcg_at_5": 0.81957,
        "ndcg_at_10": 0.8293,
        "ndcg_at_20": 0.83612,
        "ndcg_at_100": 0.8423,
        "ndcg_at_1000": 0.84277,
        "map_at_1": 0.70921,
        "map_at_3": 0.78247,
        "map_at_5": 0.78995,
        "map_at_10": 0.79407,
        "map_at_20": 0.79593,
        "map_at_100": 0.7968,
        "map_at_1000": 0.79683,
        "recall_at_1": 0.70921,
        "recall_at_3": 0.87489,
        "recall_at_5": 0.90702,
        "recall_at_10": 0.9366,
        "recall_at_20": 0.96365,
        "recall_at_100": 0.99662,
        "recall_at_1000": 1.0,
        "precision_at_1": 0.70921,
        "precision_at_3": 0.29163,
        "precision_at_5": 0.1814,
        "precision_at_10": 0.09366,
        "precision_at_20": 0.04818,
        "precision_at_100": 0.00997,
        "precision_at_1000": 0.001,
        "mrr_at_1": 0.709214,
        "mrr_at_3": 0.782474,
        "mrr_at_5": 0.789955,
        "mrr_at_10": 0.794067,
        "mrr_at_20": 0.795927,
        "mrr_at_100": 0.796801,
        "mrr_at_1000": 0.796826,
        "nauc_ndcg_at_1_max": 0.5484,
        "nauc_ndcg_at_1_std": 0.231735,
        "nauc_ndcg_at_1_diff1": 0.743909,
        "nauc_ndcg_at_3_max": 0.621789,
        "nauc_ndcg_at_3_std": 0.326315,
        "nauc_ndcg_at_3_diff1": 0.725772,
        "nauc_ndcg_at_5_max": 0.638357,
        "nauc_ndcg_at_5_std": 0.352342,
        "nauc_ndcg_at_5_diff1": 0.725853,
        "nauc_ndcg_at_10_max": 0.635687,
        "nauc_ndcg_at_10_std": 0.35294,
        "nauc_ndcg_at_10_diff1": 0.730917,
        "nauc_ndcg_at_20_max": 0.626116,
        "nauc_ndcg_at_20_std": 0.338347,
        "nauc_ndcg_at_20_diff1": 0.728451,
        "nauc_ndcg_at_100_max": 0.612993,
        "nauc_ndcg_at_100_std": 0.319434,
        "nauc_ndcg_at_100_diff1": 0.72986,
        "nauc_ndcg_at_1000_max": 0.611915,
        "nauc_ndcg_at_1000_std": 0.31737,
        "nauc_ndcg_at_1000_diff1": 0.730529,
        "nauc_map_at_1_max": 0.5484,
        "nauc_map_at_1_std": 0.231735,
        "nauc_map_at_1_diff1": 0.743909,
        "nauc_map_at_3_max": 0.599432,
        "nauc_map_at_3_std": 0.29684,
        "nauc_map_at_3_diff1": 0.73018,
        "nauc_map_at_5_max": 0.606782,
        "nauc_map_at_5_std": 0.308367,
        "nauc_map_at_5_diff1": 0.730688,
        "nauc_map_at_10_max": 0.605163,
        "nauc_map_at_10_std": 0.307625,
        "nauc_map_at_10_diff1": 0.732714,
        "nauc_map_at_20_max": 0.602845,
        "nauc_map_at_20_std": 0.3041,
        "nauc_map_at_20_diff1": 0.73222,
        "nauc_map_at_100_max": 0.601296,
        "nauc_map_at_100_std": 0.301954,
        "nauc_map_at_100_diff1": 0.732279,
        "nauc_map_at_1000_max": 0.601251,
        "nauc_map_at_1000_std": 0.301868,
        "nauc_map_at_1000_diff1": 0.732303,
        "nauc_recall_at_1_max": 0.5484,
        "nauc_recall_at_1_std": 0.231735,
        "nauc_recall_at_1_diff1": 0.743909,
        "nauc_recall_at_3_max": 0.725011,
        "nauc_recall_at_3_std": 0.462847,
        "nauc_recall_at_3_diff1": 0.706179,
        "nauc_recall_at_5_max": 0.82716,
        "nauc_recall_at_5_std": 0.617224,
        "nauc_recall_at_5_diff1": 0.69782,
        "nauc_recall_at_10_max": 0.894812,
        "nauc_recall_at_10_std": 0.744719,
        "nauc_recall_at_10_diff1": 0.720599,
        "nauc_recall_at_20_max": 0.929,
        "nauc_recall_at_20_std": 0.794465,
        "nauc_recall_at_20_diff1": 0.671837,
        "nauc_recall_at_100_max": 0.934659,
        "nauc_recall_at_100_std": 0.934659,
        "nauc_recall_at_100_diff1": 0.526164,
        "nauc_recall_at_1000_max": NaN,
        "nauc_recall_at_1000_std": NaN,
        "nauc_recall_at_1000_diff1": NaN,
        "nauc_precision_at_1_max": 0.5484,
        "nauc_precision_at_1_std": 0.231735,
        "nauc_precision_at_1_diff1": 0.743909,
        "nauc_precision_at_3_max": 0.725011,
        "nauc_precision_at_3_std": 0.462847,
        "nauc_precision_at_3_diff1": 0.706179,
        "nauc_precision_at_5_max": 0.82716,
        "nauc_precision_at_5_std": 0.617224,
        "nauc_precision_at_5_diff1": 0.69782,
        "nauc_precision_at_10_max": 0.894812,
        "nauc_precision_at_10_std": 0.744719,
        "nauc_precision_at_10_diff1": 0.720599,
        "nauc_precision_at_20_max": 0.929,
        "nauc_precision_at_20_std": 0.794465,
        "nauc_precision_at_20_diff1": 0.671837,
        "nauc_precision_at_100_max": 0.934659,
        "nauc_precision_at_100_std": 0.934659,
        "nauc_precision_at_100_diff1": 0.526164,
        "nauc_precision_at_1000_max": 1.0,
        "nauc_precision_at_1000_std": 1.0,
        "nauc_precision_at_1000_diff1": 1.0,
        "nauc_mrr_at_1_max": 0.5484,
        "nauc_mrr_at_1_std": 0.231735,
        "nauc_mrr_at_1_diff1": 0.743909,
        "nauc_mrr_at_3_max": 0.599432,
        "nauc_mrr_at_3_std": 0.29684,
        "nauc_mrr_at_3_diff1": 0.73018,
        "nauc_mrr_at_5_max": 0.606782,
        "nauc_mrr_at_5_std": 0.308367,
        "nauc_mrr_at_5_diff1": 0.730688,
        "nauc_mrr_at_10_max": 0.605163,
        "nauc_mrr_at_10_std": 0.307625,
        "nauc_mrr_at_10_diff1": 0.732714,
        "nauc_mrr_at_20_max": 0.602845,
        "nauc_mrr_at_20_std": 0.3041,
        "nauc_mrr_at_20_diff1": 0.73222,
        "nauc_mrr_at_100_max": 0.601296,
        "nauc_mrr_at_100_std": 0.301954,
        "nauc_mrr_at_100_diff1": 0.732279,
        "nauc_mrr_at_1000_max": 0.601251,
        "nauc_mrr_at_1000_std": 0.301868,
        "nauc_mrr_at_1000_diff1": 0.732303,
        "main_score": 0.8293,
        "hf_subset": "hi",
        "languages": [
          "hin-Deva"
        ]
      }
    ]
  },
  "evaluation_time": 8.139004468917847,
  "kg_co2_emissions": null
}