{
  "dataset_revision": "51adfef1c1287aab1d2d91b5bead9bcfb9c68583",
  "task_name": "XQuADRetrieval",
  "mteb_version": "1.36.26",
  "scores": {
    "validation": [
      {
        "ndcg_at_1": 0.70921,
        "ndcg_at_3": 0.80688,
        "ndcg_at_5": 0.8257,
        "ndcg_at_10": 0.83444,
        "ndcg_at_20": 0.84033,
        "ndcg_at_100": 0.84526,
        "ndcg_at_1000": 0.84586,
        "map_at_1": 0.70921,
        "map_at_3": 0.78332,
        "map_at_5": 0.79397,
        "map_at_10": 0.79757,
        "map_at_20": 0.79925,
        "map_at_100": 0.79996,
        "map_at_1000": 0.79999,
        "recall_at_1": 0.70921,
        "recall_at_3": 0.87489,
        "recall_at_5": 0.9197,
        "recall_at_10": 0.94675,
        "recall_at_20": 0.96957,
        "recall_at_100": 0.99577,
        "recall_at_1000": 1.0,
        "precision_at_1": 0.70921,
        "precision_at_3": 0.29163,
        "precision_at_5": 0.18394,
        "precision_at_10": 0.09467,
        "precision_at_20": 0.04848,
        "precision_at_100": 0.00996,
        "precision_at_1000": 0.001,
        "mrr_at_1": 0.709214,
        "mrr_at_3": 0.783319,
        "mrr_at_5": 0.79397,
        "mrr_at_10": 0.797572,
        "mrr_at_20": 0.79925,
        "mrr_at_100": 0.799956,
        "mrr_at_1000": 0.79999,
        "nauc_ndcg_at_1_max": 0.464242,
        "nauc_ndcg_at_1_std": 0.141281,
        "nauc_ndcg_at_1_diff1": 0.750931,
        "nauc_ndcg_at_3_max": 0.581919,
        "nauc_ndcg_at_3_std": 0.278197,
        "nauc_ndcg_at_3_diff1": 0.754599,
        "nauc_ndcg_at_5_max": 0.58989,
        "nauc_ndcg_at_5_std": 0.294395,
        "nauc_ndcg_at_5_diff1": 0.745486,
        "nauc_ndcg_at_10_max": 0.579078,
        "nauc_ndcg_at_10_std": 0.285731,
        "nauc_ndcg_at_10_diff1": 0.750195,
        "nauc_ndcg_at_20_max": 0.568011,
        "nauc_ndcg_at_20_std": 0.273013,
        "nauc_ndcg_at_20_diff1": 0.752248,
        "nauc_ndcg_at_100_max": 0.554559,
        "nauc_ndcg_at_100_std": 0.254886,
        "nauc_ndcg_at_100_diff1": 0.750545,
        "nauc_ndcg_at_1000_max": 0.552617,
        "nauc_ndcg_at_1000_std": 0.251743,
        "nauc_ndcg_at_1000_diff1": 0.750248,
        "nauc_map_at_1_max": 0.464242,
        "nauc_map_at_1_std": 0.141281,
        "nauc_map_at_1_diff1": 0.750931,
        "nauc_map_at_3_max": 0.546663,
        "nauc_map_at_3_std": 0.238521,
        "nauc_map_at_3_diff1": 0.752621,
        "nauc_map_at_5_max": 0.548517,
        "nauc_map_at_5_std": 0.244252,
        "nauc_map_at_5_diff1": 0.748067,
        "nauc_map_at_10_max": 0.544107,
        "nauc_map_at_10_std": 0.240231,
        "nauc_map_at_10_diff1": 0.749974,
        "nauc_map_at_20_max": 0.541248,
        "nauc_map_at_20_std": 0.236937,
        "nauc_map_at_20_diff1": 0.75041,
        "nauc_map_at_100_max": 0.53966,
        "nauc_map_at_100_std": 0.234881,
        "nauc_map_at_100_diff1": 0.750117,
        "nauc_map_at_1000_max": 0.539574,
        "nauc_map_at_1000_std": 0.23474,
        "nauc_map_at_1000_diff1": 0.750106,
        "nauc_recall_at_1_max": 0.464242,
        "nauc_recall_at_1_std": 0.141281,
        "nauc_recall_at_1_diff1": 0.750931,
        "nauc_recall_at_3_max": 0.74359,
        "nauc_recall_at_3_std": 0.45921,
        "nauc_recall_at_3_diff1": 0.764275,
        "nauc_recall_at_5_max": 0.865981,
        "nauc_recall_at_5_std": 0.62917,
        "nauc_recall_at_5_diff1": 0.726636,
        "nauc_recall_at_10_max": 0.910353,
        "nauc_recall_at_10_std": 0.725161,
        "nauc_recall_at_10_diff1": 0.75357,
        "nauc_recall_at_20_max": 0.955983,
        "nauc_recall_at_20_std": 0.81975,
        "nauc_recall_at_20_diff1": 0.795104,
        "nauc_recall_at_100_max": 1.0,
        "nauc_recall_at_100_std": 0.973864,
        "nauc_recall_at_100_diff1": 0.821644,
        "nauc_recall_at_1000_max": NaN,
        "nauc_recall_at_1000_std": NaN,
        "nauc_recall_at_1000_diff1": NaN,
        "nauc_precision_at_1_max": 0.464242,
        "nauc_precision_at_1_std": 0.141281,
        "nauc_precision_at_1_diff1": 0.750931,
        "nauc_precision_at_3_max": 0.74359,
        "nauc_precision_at_3_std": 0.45921,
        "nauc_precision_at_3_diff1": 0.764275,
        "nauc_precision_at_5_max": 0.865981,
        "nauc_precision_at_5_std": 0.62917,
        "nauc_precision_at_5_diff1": 0.726636,
        "nauc_precision_at_10_max": 0.910353,
        "nauc_precision_at_10_std": 0.725161,
        "nauc_precision_at_10_diff1": 0.75357,
        "nauc_precision_at_20_max": 0.955983,
        "nauc_precision_at_20_std": 0.81975,
        "nauc_precision_at_20_diff1": 0.795104,
        "nauc_precision_at_100_max": 1.0,
        "nauc_precision_at_100_std": 0.973864,
        "nauc_precision_at_100_diff1": 0.821644,
        "nauc_precision_at_1000_max": 1.0,
        "nauc_precision_at_1000_std": 1.0,
        "nauc_precision_at_1000_diff1": 1.0,
        "nauc_mrr_at_1_max": 0.464242,
        "nauc_mrr_at_1_std": 0.141281,
        "nauc_mrr_at_1_diff1": 0.750931,
        "nauc_mrr_at_3_max": 0.546663,
        "nauc_mrr_at_3_std": 0.238521,
        "nauc_mrr_at_3_diff1": 0.752621,
        "nauc_mrr_at_5_max": 0.548517,
        "nauc_mrr_at_5_std": 0.244252,
        "nauc_mrr_at_5_diff1": 0.748067,
        "nauc_mrr_at_10_max": 0.544107,
        "nauc_mrr_at_10_std": 0.240231,
        "nauc_mrr_at_10_diff1": 0.749974,
        "nauc_mrr_at_20_max": 0.541248,
        "nauc_mrr_at_20_std": 0.236937,
        "nauc_mrr_at_20_diff1": 0.75041,
        "nauc_mrr_at_100_max": 0.53966,
        "nauc_mrr_at_100_std": 0.234881,
        "nauc_mrr_at_100_diff1": 0.750117,
        "nauc_mrr_at_1000_max": 0.539574,
        "nauc_mrr_at_1000_std": 0.23474,
        "nauc_mrr_at_1000_diff1": 0.750106,
        "main_score": 0.83444,
        "hf_subset": "hi",
        "languages": [
          "hin-Deva"
        ]
      }
    ]
  },
  "evaluation_time": 8.255872011184692,
  "kg_co2_emissions": null
}