{
  "dataset_revision": "51adfef1c1287aab1d2d91b5bead9bcfb9c68583",
  "task_name": "XQuADRetrieval",
  "mteb_version": "1.36.26",
  "scores": {
    "validation": [
      {
        "ndcg_at_1": 0.62468,
        "ndcg_at_3": 0.72182,
        "ndcg_at_5": 0.7455,
        "ndcg_at_10": 0.76526,
        "ndcg_at_20": 0.77314,
        "ndcg_at_100": 0.78287,
        "ndcg_at_1000": 0.78415,
        "map_at_1": 0.62468,
        "map_at_3": 0.69837,
        "map_at_5": 0.71151,
        "map_at_10": 0.71971,
        "map_at_20": 0.72186,
        "map_at_100": 0.72326,
        "map_at_1000": 0.72333,
        "recall_at_1": 0.62468,
        "recall_at_3": 0.78952,
        "recall_at_5": 0.847,
        "recall_at_10": 0.90786,
        "recall_at_20": 0.93914,
        "recall_at_100": 0.9907,
        "recall_at_1000": 1.0,
        "precision_at_1": 0.62468,
        "precision_at_3": 0.26317,
        "precision_at_5": 0.1694,
        "precision_at_10": 0.09079,
        "precision_at_20": 0.04696,
        "precision_at_100": 0.00991,
        "precision_at_1000": 0.001,
        "mrr_at_1": 0.624683,
        "mrr_at_3": 0.698366,
        "mrr_at_5": 0.71151,
        "mrr_at_10": 0.719706,
        "mrr_at_20": 0.721856,
        "mrr_at_100": 0.723262,
        "mrr_at_1000": 0.723326,
        "nauc_ndcg_at_1_max": 0.583526,
        "nauc_ndcg_at_1_std": 0.258521,
        "nauc_ndcg_at_1_diff1": 0.714278,
        "nauc_ndcg_at_3_max": 0.642113,
        "nauc_ndcg_at_3_std": 0.350363,
        "nauc_ndcg_at_3_diff1": 0.656134,
        "nauc_ndcg_at_5_max": 0.664948,
        "nauc_ndcg_at_5_std": 0.379549,
        "nauc_ndcg_at_5_diff1": 0.662709,
        "nauc_ndcg_at_10_max": 0.65765,
        "nauc_ndcg_at_10_std": 0.368671,
        "nauc_ndcg_at_10_diff1": 0.671349,
        "nauc_ndcg_at_20_max": 0.652798,
        "nauc_ndcg_at_20_std": 0.367604,
        "nauc_ndcg_at_20_diff1": 0.673657,
        "nauc_ndcg_at_100_max": 0.640857,
        "nauc_ndcg_at_100_std": 0.350002,
        "nauc_ndcg_at_100_diff1": 0.673411,
        "nauc_ndcg_at_1000_max": 0.639436,
        "nauc_ndcg_at_1000_std": 0.346329,
        "nauc_ndcg_at_1000_diff1": 0.675385,
        "nauc_map_at_1_max": 0.583526,
        "nauc_map_at_1_std": 0.258521,
        "nauc_map_at_1_diff1": 0.714278,
        "nauc_map_at_3_max": 0.62482,
        "nauc_map_at_3_std": 0.325113,
        "nauc_map_at_3_diff1": 0.671233,
        "nauc_map_at_5_max": 0.635889,
        "nauc_map_at_5_std": 0.339275,
        "nauc_map_at_5_diff1": 0.675164,
        "nauc_map_at_10_max": 0.632454,
        "nauc_map_at_10_std": 0.33447,
        "nauc_map_at_10_diff1": 0.678588,
        "nauc_map_at_20_max": 0.631179,
        "nauc_map_at_20_std": 0.333924,
        "nauc_map_at_20_diff1": 0.679177,
        "nauc_map_at_100_max": 0.629766,
        "nauc_map_at_100_std": 0.331758,
        "nauc_map_at_100_diff1": 0.679265,
        "nauc_map_at_1000_max": 0.629708,
        "nauc_map_at_1000_std": 0.331611,
        "nauc_map_at_1000_diff1": 0.679339,
        "nauc_recall_at_1_max": 0.583526,
        "nauc_recall_at_1_std": 0.258521,
        "nauc_recall_at_1_diff1": 0.714278,
        "nauc_recall_at_3_max": 0.707585,
        "nauc_recall_at_3_std": 0.444989,
        "nauc_recall_at_3_diff1": 0.600047,
        "nauc_recall_at_5_max": 0.809305,
        "nauc_recall_at_5_std": 0.577553,
        "nauc_recall_at_5_diff1": 0.605633,
        "nauc_recall_at_10_max": 0.844127,
        "nauc_recall_at_10_std": 0.616256,
        "nauc_recall_at_10_diff1": 0.630655,
        "nauc_recall_at_20_max": 0.877199,
        "nauc_recall_at_20_std": 0.729607,
        "nauc_recall_at_20_diff1": 0.638791,
        "nauc_recall_at_100_max": 0.842119,
        "nauc_recall_at_100_std": 0.87182,
        "nauc_recall_at_100_diff1": 0.389126,
        "nauc_recall_at_1000_max": NaN,
        "nauc_recall_at_1000_std": NaN,
        "nauc_recall_at_1000_diff1": NaN,
        "nauc_precision_at_1_max": 0.583526,
        "nauc_precision_at_1_std": 0.258521,
        "nauc_precision_at_1_diff1": 0.714278,
        "nauc_precision_at_3_max": 0.707585,
        "nauc_precision_at_3_std": 0.444989,
        "nauc_precision_at_3_diff1": 0.600047,
        "nauc_precision_at_5_max": 0.809305,
        "nauc_precision_at_5_std": 0.577553,
        "nauc_precision_at_5_diff1": 0.605633,
        "nauc_precision_at_10_max": 0.844127,
        "nauc_precision_at_10_std": 0.616256,
        "nauc_precision_at_10_diff1": 0.630655,
        "nauc_precision_at_20_max": 0.877199,
        "nauc_precision_at_20_std": 0.729607,
        "nauc_precision_at_20_diff1": 0.638791,
        "nauc_precision_at_100_max": 0.842119,
        "nauc_precision_at_100_std": 0.87182,
        "nauc_precision_at_100_diff1": 0.389126,
        "nauc_precision_at_1000_max": 1.0,
        "nauc_precision_at_1000_std": 1.0,
        "nauc_precision_at_1000_diff1": 1.0,
        "nauc_mrr_at_1_max": 0.583526,
        "nauc_mrr_at_1_std": 0.258521,
        "nauc_mrr_at_1_diff1": 0.714278,
        "nauc_mrr_at_3_max": 0.62482,
        "nauc_mrr_at_3_std": 0.325113,
        "nauc_mrr_at_3_diff1": 0.671233,
        "nauc_mrr_at_5_max": 0.635889,
        "nauc_mrr_at_5_std": 0.339275,
        "nauc_mrr_at_5_diff1": 0.675164,
        "nauc_mrr_at_10_max": 0.632454,
        "nauc_mrr_at_10_std": 0.33447,
        "nauc_mrr_at_10_diff1": 0.678588,
        "nauc_mrr_at_20_max": 0.631179,
        "nauc_mrr_at_20_std": 0.333924,
        "nauc_mrr_at_20_diff1": 0.679177,
        "nauc_mrr_at_100_max": 0.629766,
        "nauc_mrr_at_100_std": 0.331758,
        "nauc_mrr_at_100_diff1": 0.679265,
        "nauc_mrr_at_1000_max": 0.629708,
        "nauc_mrr_at_1000_std": 0.331611,
        "nauc_mrr_at_1000_diff1": 0.679339,
        "main_score": 0.76526,
        "hf_subset": "hi",
        "languages": [
          "hin-Deva"
        ]
      }
    ]
  },
  "evaluation_time": 8.155205726623535,
  "kg_co2_emissions": null
}