{
  "dataset_revision": "51adfef1c1287aab1d2d91b5bead9bcfb9c68583",
  "task_name": "XQuADRetrieval",
  "mteb_version": "1.38.8",
  "scores": {
    "validation": [
      {
        "ndcg_at_1": 0.70583,
        "ndcg_at_3": 0.80523,
        "ndcg_at_5": 0.81975,
        "ndcg_at_10": 0.83133,
        "ndcg_at_20": 0.83708,
        "ndcg_at_100": 0.84252,
        "ndcg_at_1000": 0.84324,
        "map_at_1": 0.70583,
        "map_at_3": 0.78163,
        "map_at_5": 0.78983,
        "map_at_10": 0.79466,
        "map_at_20": 0.79623,
        "map_at_100": 0.79701,
        "map_at_1000": 0.79705,
        "recall_at_1": 0.70583,
        "recall_at_3": 0.8732,
        "recall_at_5": 0.90786,
        "recall_at_10": 0.94336,
        "recall_at_20": 0.96619,
        "recall_at_100": 0.99493,
        "recall_at_1000": 1.0,
        "precision_at_1": 0.70583,
        "precision_at_3": 0.29107,
        "precision_at_5": 0.18157,
        "precision_at_10": 0.09434,
        "precision_at_20": 0.04831,
        "precision_at_100": 0.00995,
        "precision_at_1000": 0.001,
        "mrr_at_1": 0.705833,
        "mrr_at_3": 0.781629,
        "mrr_at_5": 0.789828,
        "mrr_at_10": 0.794658,
        "mrr_at_20": 0.796227,
        "mrr_at_100": 0.797012,
        "mrr_at_1000": 0.797052,
        "nauc_ndcg_at_1_max": 0.456589,
        "nauc_ndcg_at_1_std": 0.169565,
        "nauc_ndcg_at_1_diff1": 0.757537,
        "nauc_ndcg_at_3_max": 0.57781,
        "nauc_ndcg_at_3_std": 0.312318,
        "nauc_ndcg_at_3_diff1": 0.751146,
        "nauc_ndcg_at_5_max": 0.585761,
        "nauc_ndcg_at_5_std": 0.321463,
        "nauc_ndcg_at_5_diff1": 0.748711,
        "nauc_ndcg_at_10_max": 0.576715,
        "nauc_ndcg_at_10_std": 0.322605,
        "nauc_ndcg_at_10_diff1": 0.753677,
        "nauc_ndcg_at_20_max": 0.565187,
        "nauc_ndcg_at_20_std": 0.311053,
        "nauc_ndcg_at_20_diff1": 0.753126,
        "nauc_ndcg_at_100_max": 0.550916,
        "nauc_ndcg_at_100_std": 0.290198,
        "nauc_ndcg_at_100_diff1": 0.752085,
        "nauc_ndcg_at_1000_max": 0.548615,
        "nauc_ndcg_at_1000_std": 0.286679,
        "nauc_ndcg_at_1000_diff1": 0.75277,
        "nauc_map_at_1_max": 0.456589,
        "nauc_map_at_1_std": 0.169565,
        "nauc_map_at_1_diff1": 0.757537,
        "nauc_map_at_3_max": 0.540994,
        "nauc_map_at_3_std": 0.271382,
        "nauc_map_at_3_diff1": 0.752967,
        "nauc_map_at_5_max": 0.54334,
        "nauc_map_at_5_std": 0.274262,
        "nauc_map_at_5_diff1": 0.751784,
        "nauc_map_at_10_max": 0.539288,
        "nauc_map_at_10_std": 0.273866,
        "nauc_map_at_10_diff1": 0.753758,
        "nauc_map_at_20_max": 0.536494,
        "nauc_map_at_20_std": 0.271079,
        "nauc_map_at_20_diff1": 0.753673,
        "nauc_map_at_100_max": 0.534758,
        "nauc_map_at_100_std": 0.268581,
        "nauc_map_at_100_diff1": 0.753453,
        "nauc_map_at_1000_max": 0.534656,
        "nauc_map_at_1000_std": 0.268427,
        "nauc_map_at_1000_diff1": 0.753482,
        "nauc_recall_at_1_max": 0.456589,
        "nauc_recall_at_1_std": 0.169565,
        "nauc_recall_at_1_diff1": 0.757537,
        "nauc_recall_at_3_max": 0.745923,
        "nauc_recall_at_3_std": 0.497601,
        "nauc_recall_at_3_diff1": 0.742913,
        "nauc_recall_at_5_max": 0.837672,
        "nauc_recall_at_5_std": 0.599329,
        "nauc_recall_at_5_diff1": 0.730254,
        "nauc_recall_at_10_max": 0.917337,
        "nauc_recall_at_10_std": 0.775262,
        "nauc_recall_at_10_diff1": 0.756811,
        "nauc_recall_at_20_max": 0.946083,
        "nauc_recall_at_20_std": 0.874823,
        "nauc_recall_at_20_diff1": 0.747919,
        "nauc_recall_at_100_max": 1.0,
        "nauc_recall_at_100_std": 0.97822,
        "nauc_recall_at_100_diff1": 0.619113,
        "nauc_recall_at_1000_max": NaN,
        "nauc_recall_at_1000_std": NaN,
        "nauc_recall_at_1000_diff1": NaN,
        "nauc_precision_at_1_max": 0.456589,
        "nauc_precision_at_1_std": 0.169565,
        "nauc_precision_at_1_diff1": 0.757537,
        "nauc_precision_at_3_max": 0.745923,
        "nauc_precision_at_3_std": 0.497601,
        "nauc_precision_at_3_diff1": 0.742913,
        "nauc_precision_at_5_max": 0.837672,
        "nauc_precision_at_5_std": 0.599329,
        "nauc_precision_at_5_diff1": 0.730254,
        "nauc_precision_at_10_max": 0.917337,
        "nauc_precision_at_10_std": 0.775262,
        "nauc_precision_at_10_diff1": 0.756811,
        "nauc_precision_at_20_max": 0.946083,
        "nauc_precision_at_20_std": 0.874823,
        "nauc_precision_at_20_diff1": 0.747919,
        "nauc_precision_at_100_max": 1.0,
        "nauc_precision_at_100_std": 0.97822,
        "nauc_precision_at_100_diff1": 0.619113,
        "nauc_precision_at_1000_max": 1.0,
        "nauc_precision_at_1000_std": 1.0,
        "nauc_precision_at_1000_diff1": 1.0,
        "nauc_mrr_at_1_max": 0.456589,
        "nauc_mrr_at_1_std": 0.169565,
        "nauc_mrr_at_1_diff1": 0.757537,
        "nauc_mrr_at_3_max": 0.540994,
        "nauc_mrr_at_3_std": 0.271382,
        "nauc_mrr_at_3_diff1": 0.752967,
        "nauc_mrr_at_5_max": 0.54334,
        "nauc_mrr_at_5_std": 0.274262,
        "nauc_mrr_at_5_diff1": 0.751784,
        "nauc_mrr_at_10_max": 0.539288,
        "nauc_mrr_at_10_std": 0.273866,
        "nauc_mrr_at_10_diff1": 0.753758,
        "nauc_mrr_at_20_max": 0.536494,
        "nauc_mrr_at_20_std": 0.271079,
        "nauc_mrr_at_20_diff1": 0.753673,
        "nauc_mrr_at_100_max": 0.534758,
        "nauc_mrr_at_100_std": 0.268581,
        "nauc_mrr_at_100_diff1": 0.753453,
        "nauc_mrr_at_1000_max": 0.534656,
        "nauc_mrr_at_1000_std": 0.268427,
        "nauc_mrr_at_1000_diff1": 0.753482,
        "main_score": 0.83133,
        "hf_subset": "hi",
        "languages": [
          "hin-Deva"
        ]
      }
    ]
  },
  "evaluation_time": 8.43063497543335,
  "kg_co2_emissions": null
}