{
  "dataset_revision": "09698e0180d87dc247ca447d3a1248b931ac0cdb",
  "task_name": "XNLI",
  "mteb_version": "1.36.26",
  "scores": {
    "test": [
      {
        "similarity_accuracy": 0.567766,
        "similarity_accuracy_threshold": 0.567175,
        "similarity_f1": 0.667656,
        "similarity_f1_threshold": 0.193771,
        "similarity_precision": 0.503731,
        "similarity_recall": 0.989736,
        "similarity_ap": 0.571211,
        "cosine_accuracy": 0.567766,
        "cosine_accuracy_threshold": 0.567175,
        "cosine_f1": 0.667656,
        "cosine_f1_threshold": 0.193771,
        "cosine_precision": 0.503731,
        "cosine_recall": 0.989736,
        "cosine_ap": 0.571211,
        "manhattan_accuracy": 0.570696,
        "manhattan_accuracy_threshold": 33.952297,
        "manhattan_f1": 0.666667,
        "manhattan_f1_threshold": 45.766754,
        "manhattan_precision": 0.502606,
        "manhattan_recall": 0.989736,
        "manhattan_ap": 0.571504,
        "euclidean_accuracy": 0.567766,
        "euclidean_accuracy_threshold": 0.930403,
        "euclidean_f1": 0.667656,
        "euclidean_f1_threshold": 1.269826,
        "euclidean_precision": 0.503731,
        "euclidean_recall": 0.989736,
        "euclidean_ap": 0.571211,
        "dot_accuracy": 0.567766,
        "dot_accuracy_threshold": 0.567175,
        "dot_f1": 0.667656,
        "dot_f1_threshold": 0.193771,
        "dot_precision": 0.503731,
        "dot_recall": 0.989736,
        "dot_ap": 0.571211,
        "max_accuracy": 0.570696,
        "max_f1": 0.667656,
        "max_precision": 0.503731,
        "max_recall": 0.989736,
        "max_ap": 0.571504,
        "main_score": 0.571504,
        "hf_subset": "hi",
        "languages": [
          "hin-Deva"
        ]
      }
    ],
    "validation": [
      {
        "similarity_accuracy": 0.575824,
        "similarity_accuracy_threshold": 0.584174,
        "similarity_f1": 0.665689,
        "similarity_f1_threshold": 0.080021,
        "similarity_precision": 0.499267,
        "similarity_recall": 0.998534,
        "similarity_ap": 0.593627,
        "cosine_accuracy": 0.575824,
        "cosine_accuracy_threshold": 0.584174,
        "cosine_f1": 0.665689,
        "cosine_f1_threshold": 0.080021,
        "cosine_precision": 0.499267,
        "cosine_recall": 0.998534,
        "cosine_ap": 0.593627,
        "manhattan_accuracy": 0.578755,
        "manhattan_accuracy_threshold": 32.367031,
        "manhattan_f1": 0.666341,
        "manhattan_f1_threshold": 48.293312,
        "manhattan_precision": 0.5,
        "manhattan_recall": 0.998534,
        "manhattan_ap": 0.594877,
        "euclidean_accuracy": 0.575824,
        "euclidean_accuracy_threshold": 0.911949,
        "euclidean_f1": 0.665689,
        "euclidean_f1_threshold": 1.356423,
        "euclidean_precision": 0.499267,
        "euclidean_recall": 0.998534,
        "euclidean_ap": 0.593627,
        "dot_accuracy": 0.575824,
        "dot_accuracy_threshold": 0.584174,
        "dot_f1": 0.665689,
        "dot_f1_threshold": 0.080021,
        "dot_precision": 0.499267,
        "dot_recall": 0.998534,
        "dot_ap": 0.593627,
        "max_accuracy": 0.578755,
        "max_f1": 0.666341,
        "max_precision": 0.5,
        "max_recall": 0.998534,
        "max_ap": 0.594877,
        "main_score": 0.594877,
        "hf_subset": "hi",
        "languages": [
          "hin-Deva"
        ]
      }
    ]
  },
  "evaluation_time": 12.71319842338562,
  "kg_co2_emissions": null
}