{
  "dataset_revision": "51adfef1c1287aab1d2d91b5bead9bcfb9c68583",
  "task_name": "XQuADRetrieval",
  "mteb_version": "1.36.26",
  "scores": {
    "validation": [
      {
        "ndcg_at_1": 0.67371,
        "ndcg_at_3": 0.77611,
        "ndcg_at_5": 0.79666,
        "ndcg_at_10": 0.80833,
        "ndcg_at_20": 0.81325,
        "ndcg_at_100": 0.8218,
        "ndcg_at_1000": 0.82249,
        "map_at_1": 0.67371,
        "map_at_3": 0.75204,
        "map_at_5": 0.76345,
        "map_at_10": 0.76838,
        "map_at_20": 0.76973,
        "map_at_100": 0.77101,
        "map_at_1000": 0.77104,
        "recall_at_1": 0.67371,
        "recall_at_3": 0.84531,
        "recall_at_5": 0.89518,
        "recall_at_10": 0.93068,
        "recall_at_20": 0.95013,
        "recall_at_100": 0.99493,
        "recall_at_1000": 1.0,
        "precision_at_1": 0.67371,
        "precision_at_3": 0.28177,
        "precision_at_5": 0.17904,
        "precision_at_10": 0.09307,
        "precision_at_20": 0.04751,
        "precision_at_100": 0.00995,
        "precision_at_1000": 0.001,
        "mrr_at_1": 0.673711,
        "mrr_at_3": 0.752043,
        "mrr_at_5": 0.763454,
        "mrr_at_10": 0.768376,
        "mrr_at_20": 0.76973,
        "mrr_at_100": 0.771013,
        "mrr_at_1000": 0.771045,
        "nauc_ndcg_at_1_max": 0.509926,
        "nauc_ndcg_at_1_std": 0.188706,
        "nauc_ndcg_at_1_diff1": 0.76728,
        "nauc_ndcg_at_3_max": 0.604094,
        "nauc_ndcg_at_3_std": 0.319309,
        "nauc_ndcg_at_3_diff1": 0.740447,
        "nauc_ndcg_at_5_max": 0.611452,
        "nauc_ndcg_at_5_std": 0.326418,
        "nauc_ndcg_at_5_diff1": 0.744832,
        "nauc_ndcg_at_10_max": 0.608886,
        "nauc_ndcg_at_10_std": 0.328987,
        "nauc_ndcg_at_10_diff1": 0.74656,
        "nauc_ndcg_at_20_max": 0.602225,
        "nauc_ndcg_at_20_std": 0.319787,
        "nauc_ndcg_at_20_diff1": 0.745269,
        "nauc_ndcg_at_100_max": 0.58594,
        "nauc_ndcg_at_100_std": 0.297046,
        "nauc_ndcg_at_100_diff1": 0.747873,
        "nauc_ndcg_at_1000_max": 0.584296,
        "nauc_ndcg_at_1000_std": 0.29422,
        "nauc_ndcg_at_1000_diff1": 0.748743,
        "nauc_map_at_1_max": 0.509926,
        "nauc_map_at_1_std": 0.188706,
        "nauc_map_at_1_diff1": 0.76728,
        "nauc_map_at_3_max": 0.576005,
        "nauc_map_at_3_std": 0.281522,
        "nauc_map_at_3_diff1": 0.747422,
        "nauc_map_at_5_max": 0.578174,
        "nauc_map_at_5_std": 0.282598,
        "nauc_map_at_5_diff1": 0.750204,
        "nauc_map_at_10_max": 0.576152,
        "nauc_map_at_10_std": 0.282256,
        "nauc_map_at_10_diff1": 0.750894,
        "nauc_map_at_20_max": 0.574452,
        "nauc_map_at_20_std": 0.279841,
        "nauc_map_at_20_diff1": 0.750609,
        "nauc_map_at_100_max": 0.572391,
        "nauc_map_at_100_std": 0.277095,
        "nauc_map_at_100_diff1": 0.75102,
        "nauc_map_at_1000_max": 0.572329,
        "nauc_map_at_1000_std": 0.276988,
        "nauc_map_at_1000_diff1": 0.751045,
        "nauc_recall_at_1_max": 0.509926,
        "nauc_recall_at_1_std": 0.188706,
        "nauc_recall_at_1_diff1": 0.76728,
        "nauc_recall_at_3_max": 0.723076,
        "nauc_recall_at_3_std": 0.478642,
        "nauc_recall_at_3_diff1": 0.711538,
        "nauc_recall_at_5_max": 0.804195,
        "nauc_recall_at_5_std": 0.579694,
        "nauc_recall_at_5_diff1": 0.715419,
        "nauc_recall_at_10_max": 0.886822,
        "nauc_recall_at_10_std": 0.729395,
        "nauc_recall_at_10_diff1": 0.71416,
        "nauc_recall_at_20_max": 0.907466,
        "nauc_recall_at_20_std": 0.766124,
        "nauc_recall_at_20_diff1": 0.685298,
        "nauc_recall_at_100_max": 0.956439,
        "nauc_recall_at_100_std": 0.931919,
        "nauc_recall_at_100_diff1": 0.541714,
        "nauc_recall_at_1000_max": NaN,
        "nauc_recall_at_1000_std": NaN,
        "nauc_recall_at_1000_diff1": NaN,
        "nauc_precision_at_1_max": 0.509926,
        "nauc_precision_at_1_std": 0.188706,
        "nauc_precision_at_1_diff1": 0.76728,
        "nauc_precision_at_3_max": 0.723076,
        "nauc_precision_at_3_std": 0.478642,
        "nauc_precision_at_3_diff1": 0.711538,
        "nauc_precision_at_5_max": 0.804195,
        "nauc_precision_at_5_std": 0.579694,
        "nauc_precision_at_5_diff1": 0.715419,
        "nauc_precision_at_10_max": 0.886822,
        "nauc_precision_at_10_std": 0.729395,
        "nauc_precision_at_10_diff1": 0.71416,
        "nauc_precision_at_20_max": 0.907466,
        "nauc_precision_at_20_std": 0.766124,
        "nauc_precision_at_20_diff1": 0.685298,
        "nauc_precision_at_100_max": 0.956439,
        "nauc_precision_at_100_std": 0.931919,
        "nauc_precision_at_100_diff1": 0.541714,
        "nauc_precision_at_1000_max": 1.0,
        "nauc_precision_at_1000_std": 1.0,
        "nauc_precision_at_1000_diff1": 1.0,
        "nauc_mrr_at_1_max": 0.509926,
        "nauc_mrr_at_1_std": 0.188706,
        "nauc_mrr_at_1_diff1": 0.76728,
        "nauc_mrr_at_3_max": 0.576005,
        "nauc_mrr_at_3_std": 0.281522,
        "nauc_mrr_at_3_diff1": 0.747422,
        "nauc_mrr_at_5_max": 0.578174,
        "nauc_mrr_at_5_std": 0.282598,
        "nauc_mrr_at_5_diff1": 0.750204,
        "nauc_mrr_at_10_max": 0.576152,
        "nauc_mrr_at_10_std": 0.282256,
        "nauc_mrr_at_10_diff1": 0.750894,
        "nauc_mrr_at_20_max": 0.574452,
        "nauc_mrr_at_20_std": 0.279841,
        "nauc_mrr_at_20_diff1": 0.750609,
        "nauc_mrr_at_100_max": 0.572391,
        "nauc_mrr_at_100_std": 0.277095,
        "nauc_mrr_at_100_diff1": 0.75102,
        "nauc_mrr_at_1000_max": 0.572329,
        "nauc_mrr_at_1000_std": 0.276988,
        "nauc_mrr_at_1000_diff1": 0.751045,
        "main_score": 0.80833,
        "hf_subset": "hi",
        "languages": [
          "hin-Deva"
        ]
      }
    ]
  },
  "evaluation_time": 8.251832723617554,
  "kg_co2_emissions": null
}