{
  "dataset_revision": "51adfef1c1287aab1d2d91b5bead9bcfb9c68583",
  "task_name": "XQuADRetrieval",
  "mteb_version": "1.36.26",
  "scores": {
    "validation": [
      {
        "ndcg_at_1": 0.34658,
        "ndcg_at_3": 0.44934,
        "ndcg_at_5": 0.47797,
        "ndcg_at_10": 0.51128,
        "ndcg_at_20": 0.5351,
        "ndcg_at_100": 0.56283,
        "ndcg_at_1000": 0.57097,
        "map_at_1": 0.34658,
        "map_at_3": 0.42434,
        "map_at_5": 0.44028,
        "map_at_10": 0.45401,
        "map_at_20": 0.46059,
        "map_at_100": 0.46413,
        "map_at_1000": 0.46455,
        "recall_at_1": 0.34658,
        "recall_at_3": 0.52156,
        "recall_at_5": 0.59087,
        "recall_at_10": 0.694,
        "recall_at_20": 0.78783,
        "recall_at_100": 0.94167,
        "recall_at_1000": 1.0,
        "precision_at_1": 0.34658,
        "precision_at_3": 0.17385,
        "precision_at_5": 0.11817,
        "precision_at_10": 0.0694,
        "precision_at_20": 0.03939,
        "precision_at_100": 0.00942,
        "precision_at_1000": 0.001,
        "mrr_at_1": 0.346577,
        "mrr_at_3": 0.424345,
        "mrr_at_5": 0.440279,
        "mrr_at_10": 0.454006,
        "mrr_at_20": 0.460591,
        "mrr_at_100": 0.464132,
        "mrr_at_1000": 0.464546,
        "nauc_ndcg_at_1_max": 0.488128,
        "nauc_ndcg_at_1_std": 0.141893,
        "nauc_ndcg_at_1_diff1": 0.580828,
        "nauc_ndcg_at_3_max": 0.495977,
        "nauc_ndcg_at_3_std": 0.165934,
        "nauc_ndcg_at_3_diff1": 0.497865,
        "nauc_ndcg_at_5_max": 0.502397,
        "nauc_ndcg_at_5_std": 0.1699,
        "nauc_ndcg_at_5_diff1": 0.492084,
        "nauc_ndcg_at_10_max": 0.507089,
        "nauc_ndcg_at_10_std": 0.170642,
        "nauc_ndcg_at_10_diff1": 0.501384,
        "nauc_ndcg_at_20_max": 0.513221,
        "nauc_ndcg_at_20_std": 0.176847,
        "nauc_ndcg_at_20_diff1": 0.511897,
        "nauc_ndcg_at_100_max": 0.511279,
        "nauc_ndcg_at_100_std": 0.181878,
        "nauc_ndcg_at_100_diff1": 0.516454,
        "nauc_ndcg_at_1000_max": 0.505836,
        "nauc_ndcg_at_1000_std": 0.171022,
        "nauc_ndcg_at_1000_diff1": 0.514964,
        "nauc_map_at_1_max": 0.488128,
        "nauc_map_at_1_std": 0.141893,
        "nauc_map_at_1_diff1": 0.580828,
        "nauc_map_at_3_max": 0.494137,
        "nauc_map_at_3_std": 0.160286,
        "nauc_map_at_3_diff1": 0.516509,
        "nauc_map_at_5_max": 0.497678,
        "nauc_map_at_5_std": 0.162188,
        "nauc_map_at_5_diff1": 0.513682,
        "nauc_map_at_10_max": 0.499868,
        "nauc_map_at_10_std": 0.162622,
        "nauc_map_at_10_diff1": 0.517788,
        "nauc_map_at_20_max": 0.501579,
        "nauc_map_at_20_std": 0.164112,
        "nauc_map_at_20_diff1": 0.520859,
        "nauc_map_at_100_max": 0.501199,
        "nauc_map_at_100_std": 0.164634,
        "nauc_map_at_100_diff1": 0.521283,
        "nauc_map_at_1000_max": 0.50096,
        "nauc_map_at_1000_std": 0.164152,
        "nauc_map_at_1000_diff1": 0.521216,
        "nauc_recall_at_1_max": 0.488128,
        "nauc_recall_at_1_std": 0.141893,
        "nauc_recall_at_1_diff1": 0.580828,
        "nauc_recall_at_3_max": 0.501375,
        "nauc_recall_at_3_std": 0.182504,
        "nauc_recall_at_3_diff1": 0.443539,
        "nauc_recall_at_5_max": 0.518038,
        "nauc_recall_at_5_std": 0.194776,
        "nauc_recall_at_5_diff1": 0.424311,
        "nauc_recall_at_10_max": 0.535965,
        "nauc_recall_at_10_std": 0.200722,
        "nauc_recall_at_10_diff1": 0.445134,
        "nauc_recall_at_20_max": 0.579999,
        "nauc_recall_at_20_std": 0.248596,
        "nauc_recall_at_20_diff1": 0.487773,
        "nauc_recall_at_100_max": 0.692944,
        "nauc_recall_at_100_std": 0.542081,
        "nauc_recall_at_100_diff1": 0.563854,
        "nauc_recall_at_1000_max": NaN,
        "nauc_recall_at_1000_std": NaN,
        "nauc_recall_at_1000_diff1": NaN,
        "nauc_precision_at_1_max": 0.488128,
        "nauc_precision_at_1_std": 0.141893,
        "nauc_precision_at_1_diff1": 0.580828,
        "nauc_precision_at_3_max": 0.501375,
        "nauc_precision_at_3_std": 0.182504,
        "nauc_precision_at_3_diff1": 0.443539,
        "nauc_precision_at_5_max": 0.518038,
        "nauc_precision_at_5_std": 0.194776,
        "nauc_precision_at_5_diff1": 0.424311,
        "nauc_precision_at_10_max": 0.535965,
        "nauc_precision_at_10_std": 0.200722,
        "nauc_precision_at_10_diff1": 0.445134,
        "nauc_precision_at_20_max": 0.579999,
        "nauc_precision_at_20_std": 0.248596,
        "nauc_precision_at_20_diff1": 0.487773,
        "nauc_precision_at_100_max": 0.692944,
        "nauc_precision_at_100_std": 0.542081,
        "nauc_precision_at_100_diff1": 0.563854,
        "nauc_precision_at_1000_max": 1.0,
        "nauc_precision_at_1000_std": 1.0,
        "nauc_precision_at_1000_diff1": 1.0,
        "nauc_mrr_at_1_max": 0.488128,
        "nauc_mrr_at_1_std": 0.141893,
        "nauc_mrr_at_1_diff1": 0.580828,
        "nauc_mrr_at_3_max": 0.494137,
        "nauc_mrr_at_3_std": 0.160286,
        "nauc_mrr_at_3_diff1": 0.516509,
        "nauc_mrr_at_5_max": 0.497678,
        "nauc_mrr_at_5_std": 0.162188,
        "nauc_mrr_at_5_diff1": 0.513682,
        "nauc_mrr_at_10_max": 0.499868,
        "nauc_mrr_at_10_std": 0.162622,
        "nauc_mrr_at_10_diff1": 0.517788,
        "nauc_mrr_at_20_max": 0.501579,
        "nauc_mrr_at_20_std": 0.164112,
        "nauc_mrr_at_20_diff1": 0.520859,
        "nauc_mrr_at_100_max": 0.501199,
        "nauc_mrr_at_100_std": 0.164634,
        "nauc_mrr_at_100_diff1": 0.521283,
        "nauc_mrr_at_1000_max": 0.50096,
        "nauc_mrr_at_1000_std": 0.164152,
        "nauc_mrr_at_1000_diff1": 0.521216,
        "main_score": 0.51128,
        "hf_subset": "hi",
        "languages": [
          "hin-Deva"
        ]
      }
    ]
  },
  "evaluation_time": 8.153154373168945,
  "kg_co2_emissions": null
}