{
  "dataset_revision": "51adfef1c1287aab1d2d91b5bead9bcfb9c68583",
  "task_name": "XQuADRetrieval",
  "mteb_version": "1.36.26",
  "scores": {
    "validation": [
      {
        "ndcg_at_1": 0.32798,
        "ndcg_at_3": 0.4233,
        "ndcg_at_5": 0.45636,
        "ndcg_at_10": 0.49385,
        "ndcg_at_20": 0.51503,
        "ndcg_at_100": 0.54678,
        "ndcg_at_1000": 0.5553,
        "map_at_1": 0.32798,
        "map_at_3": 0.40011,
        "map_at_5": 0.41846,
        "map_at_10": 0.43411,
        "map_at_20": 0.44005,
        "map_at_100": 0.44453,
        "map_at_1000": 0.44495,
        "recall_at_1": 0.32798,
        "recall_at_3": 0.49028,
        "recall_at_5": 0.57058,
        "recall_at_10": 0.68555,
        "recall_at_20": 0.76839,
        "recall_at_100": 0.93829,
        "recall_at_1000": 1.0,
        "precision_at_1": 0.32798,
        "precision_at_3": 0.16343,
        "precision_at_5": 0.11412,
        "precision_at_10": 0.06855,
        "precision_at_20": 0.03842,
        "precision_at_100": 0.00938,
        "precision_at_1000": 0.001,
        "mrr_at_1": 0.32798,
        "mrr_at_3": 0.400113,
        "mrr_at_5": 0.418456,
        "mrr_at_10": 0.434107,
        "mrr_at_20": 0.440051,
        "mrr_at_100": 0.444529,
        "mrr_at_1000": 0.444946,
        "nauc_ndcg_at_1_max": 0.459847,
        "nauc_ndcg_at_1_std": 0.135538,
        "nauc_ndcg_at_1_diff1": 0.551533,
        "nauc_ndcg_at_3_max": 0.456166,
        "nauc_ndcg_at_3_std": 0.146252,
        "nauc_ndcg_at_3_diff1": 0.47185,
        "nauc_ndcg_at_5_max": 0.46608,
        "nauc_ndcg_at_5_std": 0.15626,
        "nauc_ndcg_at_5_diff1": 0.461244,
        "nauc_ndcg_at_10_max": 0.46247,
        "nauc_ndcg_at_10_std": 0.16239,
        "nauc_ndcg_at_10_diff1": 0.458288,
        "nauc_ndcg_at_20_max": 0.472238,
        "nauc_ndcg_at_20_std": 0.172084,
        "nauc_ndcg_at_20_diff1": 0.474219,
        "nauc_ndcg_at_100_max": 0.473462,
        "nauc_ndcg_at_100_std": 0.174205,
        "nauc_ndcg_at_100_diff1": 0.478022,
        "nauc_ndcg_at_1000_max": 0.467605,
        "nauc_ndcg_at_1000_std": 0.163045,
        "nauc_ndcg_at_1000_diff1": 0.480436,
        "nauc_map_at_1_max": 0.459847,
        "nauc_map_at_1_std": 0.135538,
        "nauc_map_at_1_diff1": 0.551533,
        "nauc_map_at_3_max": 0.457684,
        "nauc_map_at_3_std": 0.144295,
        "nauc_map_at_3_diff1": 0.490475,
        "nauc_map_at_5_max": 0.46309,
        "nauc_map_at_5_std": 0.149545,
        "nauc_map_at_5_diff1": 0.484779,
        "nauc_map_at_10_max": 0.461355,
        "nauc_map_at_10_std": 0.151576,
        "nauc_map_at_10_diff1": 0.483677,
        "nauc_map_at_20_max": 0.464222,
        "nauc_map_at_20_std": 0.15436,
        "nauc_map_at_20_diff1": 0.488202,
        "nauc_map_at_100_max": 0.464276,
        "nauc_map_at_100_std": 0.154684,
        "nauc_map_at_100_diff1": 0.48895,
        "nauc_map_at_1000_max": 0.464056,
        "nauc_map_at_1000_std": 0.154241,
        "nauc_map_at_1000_diff1": 0.489077,
        "nauc_recall_at_1_max": 0.459847,
        "nauc_recall_at_1_std": 0.135538,
        "nauc_recall_at_1_diff1": 0.551533,
        "nauc_recall_at_3_max": 0.451517,
        "nauc_recall_at_3_std": 0.15165,
        "nauc_recall_at_3_diff1": 0.418233,
        "nauc_recall_at_5_max": 0.476587,
        "nauc_recall_at_5_std": 0.178435,
        "nauc_recall_at_5_diff1": 0.387794,
        "nauc_recall_at_10_max": 0.467027,
        "nauc_recall_at_10_std": 0.207597,
        "nauc_recall_at_10_diff1": 0.364017,
        "nauc_recall_at_20_max": 0.520151,
        "nauc_recall_at_20_std": 0.270666,
        "nauc_recall_at_20_diff1": 0.428689,
        "nauc_recall_at_100_max": 0.666134,
        "nauc_recall_at_100_std": 0.536935,
        "nauc_recall_at_100_diff1": 0.404106,
        "nauc_recall_at_1000_max": NaN,
        "nauc_recall_at_1000_std": NaN,
        "nauc_recall_at_1000_diff1": NaN,
        "nauc_precision_at_1_max": 0.459847,
        "nauc_precision_at_1_std": 0.135538,
        "nauc_precision_at_1_diff1": 0.551533,
        "nauc_precision_at_3_max": 0.451517,
        "nauc_precision_at_3_std": 0.15165,
        "nauc_precision_at_3_diff1": 0.418233,
        "nauc_precision_at_5_max": 0.476587,
        "nauc_precision_at_5_std": 0.178435,
        "nauc_precision_at_5_diff1": 0.387794,
        "nauc_precision_at_10_max": 0.467027,
        "nauc_precision_at_10_std": 0.207597,
        "nauc_precision_at_10_diff1": 0.364017,
        "nauc_precision_at_20_max": 0.520151,
        "nauc_precision_at_20_std": 0.270666,
        "nauc_precision_at_20_diff1": 0.428689,
        "nauc_precision_at_100_max": 0.666134,
        "nauc_precision_at_100_std": 0.536935,
        "nauc_precision_at_100_diff1": 0.404106,
        "nauc_precision_at_1000_max": 1.0,
        "nauc_precision_at_1000_std": 1.0,
        "nauc_precision_at_1000_diff1": 1.0,
        "nauc_mrr_at_1_max": 0.459847,
        "nauc_mrr_at_1_std": 0.135538,
        "nauc_mrr_at_1_diff1": 0.551533,
        "nauc_mrr_at_3_max": 0.457684,
        "nauc_mrr_at_3_std": 0.144295,
        "nauc_mrr_at_3_diff1": 0.490475,
        "nauc_mrr_at_5_max": 0.46309,
        "nauc_mrr_at_5_std": 0.149545,
        "nauc_mrr_at_5_diff1": 0.484779,
        "nauc_mrr_at_10_max": 0.461355,
        "nauc_mrr_at_10_std": 0.151576,
        "nauc_mrr_at_10_diff1": 0.483677,
        "nauc_mrr_at_20_max": 0.464222,
        "nauc_mrr_at_20_std": 0.15436,
        "nauc_mrr_at_20_diff1": 0.488202,
        "nauc_mrr_at_100_max": 0.464276,
        "nauc_mrr_at_100_std": 0.154684,
        "nauc_mrr_at_100_diff1": 0.48895,
        "nauc_mrr_at_1000_max": 0.464056,
        "nauc_mrr_at_1000_std": 0.154241,
        "nauc_mrr_at_1000_diff1": 0.489077,
        "main_score": 0.49385,
        "hf_subset": "hi",
        "languages": [
          "hin-Deva"
        ]
      }
    ]
  },
  "evaluation_time": 8.17042589187622,
  "kg_co2_emissions": null
}