{
  "dataset_revision": "51adfef1c1287aab1d2d91b5bead9bcfb9c68583",
  "task_name": "XQuADRetrieval",
  "mteb_version": "1.36.26",
  "scores": {
    "validation": [
      {
        "ndcg_at_1": 0.63314,
        "ndcg_at_3": 0.75077,
        "ndcg_at_5": 0.77387,
        "ndcg_at_10": 0.78631,
        "ndcg_at_20": 0.7934,
        "ndcg_at_100": 0.80114,
        "ndcg_at_1000": 0.80162,
        "map_at_1": 0.63314,
        "map_at_3": 0.72189,
        "map_at_5": 0.73478,
        "map_at_10": 0.74016,
        "map_at_20": 0.74212,
        "map_at_100": 0.74322,
        "map_at_1000": 0.74324,
        "recall_at_1": 0.63314,
        "recall_at_3": 0.83432,
        "recall_at_5": 0.89011,
        "recall_at_10": 0.9273,
        "recall_at_20": 0.9552,
        "recall_at_100": 0.99662,
        "recall_at_1000": 1.0,
        "precision_at_1": 0.63314,
        "precision_at_3": 0.27811,
        "precision_at_5": 0.17802,
        "precision_at_10": 0.09273,
        "precision_at_20": 0.04776,
        "precision_at_100": 0.00997,
        "precision_at_1000": 0.001,
        "mrr_at_1": 0.633136,
        "mrr_at_3": 0.721893,
        "mrr_at_5": 0.734784,
        "mrr_at_10": 0.740159,
        "mrr_at_20": 0.742118,
        "mrr_at_100": 0.743217,
        "mrr_at_1000": 0.743241,
        "nauc_ndcg_at_1_max": 0.429978,
        "nauc_ndcg_at_1_std": 0.1801,
        "nauc_ndcg_at_1_diff1": 0.722707,
        "nauc_ndcg_at_3_max": 0.529926,
        "nauc_ndcg_at_3_std": 0.295074,
        "nauc_ndcg_at_3_diff1": 0.684303,
        "nauc_ndcg_at_5_max": 0.531528,
        "nauc_ndcg_at_5_std": 0.298343,
        "nauc_ndcg_at_5_diff1": 0.691694,
        "nauc_ndcg_at_10_max": 0.525534,
        "nauc_ndcg_at_10_std": 0.296312,
        "nauc_ndcg_at_10_diff1": 0.691664,
        "nauc_ndcg_at_20_max": 0.518973,
        "nauc_ndcg_at_20_std": 0.291087,
        "nauc_ndcg_at_20_diff1": 0.693539,
        "nauc_ndcg_at_100_max": 0.503992,
        "nauc_ndcg_at_100_std": 0.27197,
        "nauc_ndcg_at_100_diff1": 0.69508,
        "nauc_ndcg_at_1000_max": 0.502893,
        "nauc_ndcg_at_1000_std": 0.270027,
        "nauc_ndcg_at_1000_diff1": 0.696083,
        "nauc_map_at_1_max": 0.429978,
        "nauc_map_at_1_std": 0.1801,
        "nauc_map_at_1_diff1": 0.722707,
        "nauc_map_at_3_max": 0.499309,
        "nauc_map_at_3_std": 0.261422,
        "nauc_map_at_3_diff1": 0.694631,
        "nauc_map_at_5_max": 0.498207,
        "nauc_map_at_5_std": 0.261178,
        "nauc_map_at_5_diff1": 0.698714,
        "nauc_map_at_10_max": 0.495124,
        "nauc_map_at_10_std": 0.25945,
        "nauc_map_at_10_diff1": 0.698546,
        "nauc_map_at_20_max": 0.493364,
        "nauc_map_at_20_std": 0.25792,
        "nauc_map_at_20_diff1": 0.698948,
        "nauc_map_at_100_max": 0.491597,
        "nauc_map_at_100_std": 0.255776,
        "nauc_map_at_100_diff1": 0.699203,
        "nauc_map_at_1000_max": 0.491553,
        "nauc_map_at_1000_std": 0.255699,
        "nauc_map_at_1000_diff1": 0.699239,
        "nauc_recall_at_1_max": 0.429978,
        "nauc_recall_at_1_std": 0.1801,
        "nauc_recall_at_1_diff1": 0.722707,
        "nauc_recall_at_3_max": 0.66294,
        "nauc_recall_at_3_std": 0.440306,
        "nauc_recall_at_3_diff1": 0.640311,
        "nauc_recall_at_5_max": 0.732371,
        "nauc_recall_at_5_std": 0.520755,
        "nauc_recall_at_5_diff1": 0.653031,
        "nauc_recall_at_10_max": 0.788248,
        "nauc_recall_at_10_std": 0.616984,
        "nauc_recall_at_10_diff1": 0.638873,
        "nauc_recall_at_20_max": 0.850575,
        "nauc_recall_at_20_std": 0.736709,
        "nauc_recall_at_20_diff1": 0.638086,
        "nauc_recall_at_100_max": 0.897879,
        "nauc_recall_at_100_std": 0.967329,
        "nauc_recall_at_100_diff1": 0.327258,
        "nauc_recall_at_1000_max": NaN,
        "nauc_recall_at_1000_std": NaN,
        "nauc_recall_at_1000_diff1": NaN,
        "nauc_precision_at_1_max": 0.429978,
        "nauc_precision_at_1_std": 0.1801,
        "nauc_precision_at_1_diff1": 0.722707,
        "nauc_precision_at_3_max": 0.66294,
        "nauc_precision_at_3_std": 0.440306,
        "nauc_precision_at_3_diff1": 0.640311,
        "nauc_precision_at_5_max": 0.732371,
        "nauc_precision_at_5_std": 0.520755,
        "nauc_precision_at_5_diff1": 0.653031,
        "nauc_precision_at_10_max": 0.788248,
        "nauc_precision_at_10_std": 0.616984,
        "nauc_precision_at_10_diff1": 0.638873,
        "nauc_precision_at_20_max": 0.850575,
        "nauc_precision_at_20_std": 0.736709,
        "nauc_precision_at_20_diff1": 0.638086,
        "nauc_precision_at_100_max": 0.897879,
        "nauc_precision_at_100_std": 0.967329,
        "nauc_precision_at_100_diff1": 0.327258,
        "nauc_precision_at_1000_max": 1.0,
        "nauc_precision_at_1000_std": 1.0,
        "nauc_precision_at_1000_diff1": 1.0,
        "nauc_mrr_at_1_max": 0.429978,
        "nauc_mrr_at_1_std": 0.1801,
        "nauc_mrr_at_1_diff1": 0.722707,
        "nauc_mrr_at_3_max": 0.499309,
        "nauc_mrr_at_3_std": 0.261422,
        "nauc_mrr_at_3_diff1": 0.694631,
        "nauc_mrr_at_5_max": 0.498207,
        "nauc_mrr_at_5_std": 0.261178,
        "nauc_mrr_at_5_diff1": 0.698714,
        "nauc_mrr_at_10_max": 0.495124,
        "nauc_mrr_at_10_std": 0.25945,
        "nauc_mrr_at_10_diff1": 0.698546,
        "nauc_mrr_at_20_max": 0.493364,
        "nauc_mrr_at_20_std": 0.25792,
        "nauc_mrr_at_20_diff1": 0.698948,
        "nauc_mrr_at_100_max": 0.491597,
        "nauc_mrr_at_100_std": 0.255776,
        "nauc_mrr_at_100_diff1": 0.699203,
        "nauc_mrr_at_1000_max": 0.491553,
        "nauc_mrr_at_1000_std": 0.255699,
        "nauc_mrr_at_1000_diff1": 0.699239,
        "main_score": 0.78631,
        "hf_subset": "hi",
        "languages": [
          "hin-Deva"
        ]
      }
    ]
  },
  "evaluation_time": 8.04054594039917,
  "kg_co2_emissions": null
}